t,VarX_0.1,meanX_0.1,VarX_0.3,meanX_0.3,VarX_1,meanX_1,VarX_3,meanX_3,VarA1,meanA1
1,1.96196558144011e-07,-5.88555168529508e-09,1.79633459801517e-06,-1.9513553316122e-08,2.10149830017646e-05,-9.59807086824757e-08,0.000202800582252393,-5.55285211332494e-07,1.94445050084701e-05,-5.62210927554893e-08
2,5.7880474976872e-07,-2.99064544498032e-08,5.34179701153489e-06,-9.75095704881787e-08,6.39265274299576e-05,-3.87116142907639e-07,0.00062078972769711,-9.95538902839132e-07,5.71240842743696e-05,-2.86104593179624e-07
3,1.03745180097753e-06,-3.22433846291184e-09,9.62314696654502e-06,-1.08439746445567e-08,0.000117011039638829,5.69465603509626e-08,0.00115215544592556,5.39104415005182e-07,0.000102125778405102,-2.67576975206003e-08
4,1.53761940712426e-06,6.29290814181552e-08,1.43049886758103e-05,1.84460236890738e-07,0.000175386607698764,7.62894137467239e-07,0.00175031719690868,3.57070898500933e-06,0.000151127242409214,6.46823163963494e-07
5,2.05596265340631e-06,7.79771281881681e-08,1.91714193097229e-05,2.58027823034072e-07,0.000237148265593182,1.23777852993951e-06,0.00241577341025174,5.36432160430528e-06,0.000201875862047564,7.51236584597674e-07
6,2.60547625062514e-06,8.19619132861932e-08,2.43551357465851e-05,2.51677233555151e-07,0.000303393329663287,1.06466160548068e-06,0.00314671371643738,5.07769373138446e-06,0.000255507321784214,8.23309771659048e-07
7,3.15913021270629e-06,1.25762237211643e-07,2.95577816574117e-05,3.50787606887663e-07,0.000369737870460034,1.07204423491241e-06,0.00390788940414088,2.55599997326604e-06,0.000309662523904565,1.3051541510623e-06
8,3.71995908553219e-06,1.66740790301616e-07,3.48276930864929e-05,4.69169778876452e-07,0.000437833860789586,1.3477523519813e-06,0.00469502496711311,7.42219812482817e-07,0.000364493057045359,1.72843760797729e-06
9,4.27654382940865e-06,2.63353528429994e-07,4.01222772254096e-05,7.30388315813173e-07,0.000507698903217644,2.01108758095451e-06,0.0055268439654324,6.91538311188138e-06,0.000418607796914442,2.72598125981265e-06
10,4.85919684831061e-06,2.35096807502083e-07,4.56492778763454e-05,6.39640047697078e-07,0.000578919141220189,2.15593981908699e-06,0.00640313721763078,1.24482210038434e-05,0.000475182869425159,2.44295483342593e-06
11,5.43878991169811e-06,1.58834921106541e-07,5.10872689875728e-05,4.08415142584616e-07,0.000648646240594025,1.32842055021975e-06,0.00729140952043692,1.29484034714575e-05,0.000531826095117568,1.67927662846629e-06
12,6.01245626691769e-06,5.95098444856903e-08,5.64792141681976e-05,6.31968907059118e-08,0.000718024160688148,2.59485982800181e-07,0.0082097286990151,1.43400930669152e-05,0.000587835613740135,7.80255790834522e-07
13,6.5995904098996e-06,3.89459450800304e-09,6.20073039459099e-05,-1.50778712648769e-07,0.000789732184112642,-6.86097136557248e-07,0.00914871614549796,1.47624100101285e-05,0.00064516255655893,3.2338349311801e-07
14,7.19274038332706e-06,1.7580535538122e-08,6.76255605801219e-05,-1.42294782043426e-07,0.000864680348031398,-1.00854927298641e-06,0.0100873899653386,1.80575701031135e-05,0.00070302359032015,5.27466378344565e-07
15,7.79603184058588e-06,-3.05514331733719e-08,7.33590993250058e-05,-2.94472509253504e-07,0.0009403078856936,-1.06305282146371e-06,0.0110387631963482,1.48124079653691e-05,0.000761776063905557,8.09122471158856e-08
16,8.39512819480441e-06,-1.96299236327661e-08,7.90835665615601e-05,-2.66542367660572e-07,0.0010177212839475,-4.55273267686626e-07,0.0120151263413947,6.6045479469861e-06,0.000820002767667447,2.43625179927747e-07
17,8.99074846830628e-06,1.5037039882624e-08,8.47968508547638e-05,-7.93859357359995e-08,0.00109495223316405,2.45831565693029e-07,0.0130088517551251,6.37223235772851e-06,0.000877888803433785,4.69005528423626e-07
18,9.58665859954218e-06,-1.99949920254726e-07,9.04718941420042e-05,-7.08495861736281e-07,0.00116982476618113,-1.24772461837052e-06,0.0139708079142331,3.32084948212697e-06,0.000935833962090039,-1.66873621446761e-06
19,1.01726957559421e-05,-2.88129913345159e-07,9.599890672287e-05,-8.44029851644602e-07,0.00124291295059771,-1.86920684650518e-06,0.0149826575767334,3.76949748004524e-06,0.000993168130312302,-2.77573296825362e-06
20,1.07656741485732e-05,-4.05953795718707e-07,0.000101591232927202,-1.12238469771235e-06,0.0013182217140653,-3.32700425166176e-06,0.0160493742323505,1.81882065597816e-06,0.00105105890659405,-4.08738317490564e-06
21,1.13608979776612e-05,-4.11481300009033e-07,0.000107207207836477,-1.20359594758228e-06,0.0013936810750785,-5.76162999069139e-06,0.0170998188136134,1.76538531518278e-06,0.00110938132439596,-4.09050459332705e-06
22,1.19757160080963e-05,-6.6686282103596e-07,0.000112902192459033,-2.04701953896216e-06,0.00146789161608484,-9.51385576645654e-06,0.0181734046587465,-6.48953127837029e-06,0.00116988846663352,-6.4589685794205e-06
23,1.25604636403888e-05,-6.25963907970537e-07,0.000118499686630377,-1.99161266384721e-06,0.00154524849732452,-1.08376615998212e-05,0.0192787639020919,-6.91979218470287e-06,0.00122664289346312,-6.04167097631976e-06
24,1.31545734765693e-05,-5.02042072113463e-07,0.000124114718070402,-1.82498379977164e-06,0.00162163530015884,-1.17846936787866e-05,0.0204075029765362,-2.83794694092018e-06,0.00128454145239437,-4.53801619010293e-06
25,1.37720261545529e-05,-6.20937407019933e-07,0.000129913081783287,-2.25852626320539e-06,0.00169952793172539,-1.27044035337281e-05,0.0215442537471415,-8.7675102777454e-06,0.00134485765871062,-5.55411203675686e-06
26,1.43836899715817e-05,-8.62643316282815e-07,0.000135565410123751,-3.08191657428063e-06,0.00178060992651928,-1.55330533359671e-05,0.022633828199962,-2.15101017243883e-05,0.00140515135552554,-7.7536045077101e-06
27,1.4965148997142e-05,-1.19306174721368e-06,0.000141053500145519,-4.16257982072881e-06,0.00185717269395204,-1.83661672209768e-05,0.0237828692886888,-2.6091531265198e-05,0.00146205577043829,-1.07579681302136e-05
28,1.55558423641741e-05,-1.44514139852841e-06,0.000146647046565515,-4.84272846904541e-06,0.00193281357678437,-1.90630601839732e-05,0.0249731856383752,-3.15720538939232e-05,0.00151977192596177,-1.32372797912275e-05
29,1.61436027225027e-05,-1.3568623903663e-06,0.000152351202438302,-4.4923518743315e-06,0.00201117191272521,-1.78143407920409e-05,0.0262134386680812,-2.81702532284811e-05,0.00157658949216091,-1.24862281541103e-05
30,1.67634722934902e-05,-1.30169976653571e-06,0.000158257267281358,-4.22685306035314e-06,0.00209013583275197,-1.58059489355584e-05,0.0274043521573187,-1.50658392193968e-05,0.00163658273232471,-1.20522097092499e-05
31,1.73799605645001e-05,-1.50809206477529e-06,0.000164064709248377,-4.7961597302853e-06,0.00216661125658258,-1.84824598262069e-05,0.0285524502535177,-2.0352235421912e-05,0.00169653136836778,-1.4112001525791e-05
32,1.79805703030978e-05,-1.33845532782453e-06,0.00016973007286024,-4.15279889298369e-06,0.00224918662208819,-1.57577422876427e-05,0.0297416522160385,-4.52805326878364e-06,0.00175500237676017,-1.26133874233819e-05
33,1.85466741590868e-05,-1.38801847476613e-06,0.00017522808895473,-4.41446742794222e-06,0.0023328969769341,-1.72155967321728e-05,0.0308595212822197,7.33177950309221e-06,0.00180985955328213,-1.30073785930649e-05
34,1.91796154441945e-05,-1.69503796409701e-06,0.000181184332901804,-5.44169478015681e-06,0.00241174329172527,-2.12718877600702e-05,0.0319693247175644,3.63172215935759e-06,0.00187201751640078,-1.59434675307264e-05
35,1.98638590019277e-05,-1.93138694711672e-06,0.000187573226393445,-6.17931919155365e-06,0.00248867368760944,-2.32334848248335e-05,0.0330275008793318,1.67634013841902e-05,0.00193866753564165,-1.81984617979209e-05
36,2.04901914531484e-05,-1.87884088011771e-06,0.000193591971200435,-6.13300510643333e-06,0.00256983504908302,-2.32160114555804e-05,0.0341572285127889,1.84231347936066e-05,0.00199941739881546,-1.75068420445196e-05
37,2.11188542024646e-05,-1.82818894059611e-06,0.000199647842310593,-5.89005119587272e-06,0.00264742723402408,-1.96640932264949e-05,0.03529896283083,1.81344061045186e-05,0.00205979193093652,-1.69746204289049e-05
38,2.17802696937672e-05,-1.89437046266763e-06,0.000205902875877124,-5.88902428120157e-06,0.00272884325697772,-1.85963874615964e-05,0.0364365195205905,1.60830923998285e-05,0.00212422190642335,-1.78821677645826e-05
39,2.24765520939155e-05,-1.82241373048783e-06,0.000212744890914134,-5.3828544727023e-06,0.00281752755034349,-1.66324809457757e-05,0.0375911924337021,2.29303304348123e-05,0.0021903109874892,-1.76763748591526e-05
40,2.31183750683787e-05,-2.14845411340113e-06,0.000219000237788692,-6.20573067678542e-06,0.00290136534454717,-1.74402606161507e-05,0.0387738902200928,2.49654848146186e-05,0.00225226418958821,-2.11296396476336e-05
41,2.37552709120603e-05,-2.00704454219641e-06,0.000225509359592541,-5.81805639705675e-06,0.00298718534763592,-1.5317433289415e-05,0.0400256375283205,2.2437080748757e-05,0.00231242381510235,-1.96151333599365e-05
42,2.44530854359331e-05,-1.81100895761903e-06,0.00023213073874751,-5.15678955674261e-06,0.00307254602721832,-1.12891694038351e-05,0.0412302452323014,1.61238040108744e-05,0.00237916136754437,-1.76305920676266e-05
43,2.50597261382947e-05,-1.4804894968957e-06,0.000237700449115293,-4.19585502952143e-06,0.00314690559687685,-8.68296692190493e-06,0.0423390282189855,1.0387680960358e-05,0.00243853740999757,-1.43699145293787e-05
44,2.56789897927245e-05,-1.48814304041564e-06,0.000243524892239049,-4.15112480619377e-06,0.00322944611647273,-8.76122747555717e-06,0.0435474165239556,1.66276278952041e-05,0.00249842175222637,-1.45349458861993e-05
45,2.63296887038924e-05,-1.36996793750009e-06,0.000249775755426833,-3.59169097254628e-06,0.00331870504750355,-6.11551778007445e-06,0.0447786199974732,1.76051894276498e-05,0.00256119208764791,-1.36257225894112e-05
46,2.69951483311636e-05,-1.13721608686901e-06,0.000256236765315316,-2.84115448109307e-06,0.00340546311040695,-6.32406863842813e-06,0.0461100035143563,1.86958160872665e-05,0.00262497295664552,-1.14878535994984e-05
47,2.76739328123017e-05,-1.2116007813885e-06,0.000262858046944683,-2.99222556830792e-06,0.00348870735440946,-7.20584050166976e-06,0.0472799348198409,2.35784477992243e-05,0.00268942940734869,-1.25177673466886e-05
48,2.83135277590161e-05,-1.16501569870429e-06,0.000268990932078442,-2.84132797600034e-06,0.00357480278470958,-7.75442421021626e-06,0.0484764288360555,3.77124991841078e-05,0.00275114175654383,-1.23065212402272e-05
49,2.89464904868804e-05,-1.28893146778739e-06,0.000274812310972903,-3.04848727438136e-06,0.0036573968937296,-8.17008870089814e-06,0.0496298116657552,3.35068407721558e-05,0.00281354527069137,-1.37914833847683e-05
50,2.95916626662174e-05,-1.1901300373591e-06,0.000280739722084459,-2.62232825389195e-06,0.00373621687947535,-6.92128023280172e-06,0.0509049093452957,4.35816822668602e-05,0.0028773455065459,-1.29167846916975e-05
51,3.02493023871336e-05,-1.25713079000352e-06,0.000286855538482677,-2.55219524132969e-06,0.00381689235537743,-4.98803862821184e-06,0.052182779164786,4.41505069145682e-05,0.00294210364669692,-1.38211972667783e-05
52,3.09619761851279e-05,-1.51449525823091e-06,0.000293623710881141,-3.28494890267105e-06,0.00390254122557034,-8.9745321299767e-06,0.0534329989435121,4.22172652576552e-05,0.00301147129541332,-1.64620801216483e-05
53,3.16146648122708e-05,-1.36229435693523e-06,0.000299678128287595,-2.87034940301968e-06,0.00398371956906321,-1.04330871010507e-05,0.0547586380590417,6.8784504125967e-05,0.00307663950151842,-1.49732237318486e-05
54,3.22140479092463e-05,-1.35183871632487e-06,0.000305309067692641,-2.91863430779373e-06,0.00405324574864364,-1.25169181462798e-05,0.0559712866209701,9.61590504232166e-05,0.00313589708167372,-1.47315633388108e-05
55,3.27894608619774e-05,-1.36781266061518e-06,0.000310981375828323,-2.93239733830848e-06,0.0041234642314299,-1.28633989988847e-05,0.0573240539779828,0.000106836400575121,0.00319084190562079,-1.49151775352866e-05
56,3.33846746602198e-05,-1.1735507367571e-06,0.000316773556861459,-2.41253403676008e-06,0.00420017266235021,-1.27108820077218e-05,0.058751094632988,0.000131358025252437,0.00324890075086224,-1.30402428998295e-05
57,3.40084447667335e-05,-1.05828446638469e-06,0.000322859415677142,-2.20187254472884e-06,0.00428673469738741,-1.35164107454367e-05,0.0599343609224493,0.000140264626184774,0.00330979917748534,-1.16062333770395e-05
58,3.46200926612381e-05,-1.33858750071724e-06,0.000328776699212344,-3.21819927404817e-06,0.00437282411118809,-1.77141724196124e-05,0.061128438636984,0.00014414211648598,0.00336929498009164,-1.3979759648321e-05
59,3.52304648600796e-05,-1.79495249086225e-06,0.00033489111402979,-4.42611006384211e-06,0.00446190730027854,-1.79388881285306e-05,0.0624880688306845,0.000129521242271448,0.00342684156926678,-1.84781690128205e-05
60,3.58961925896568e-05,-2.04679260080123e-06,0.000341379194929441,-5.06617021413282e-06,0.00454882761366384,-1.82122798620898e-05,0.0637825827914491,0.000134564325054028,0.00349005033364579,-2.12505745194587e-05
61,3.65546808028371e-05,-2.02968267443121e-06,0.000347529974489311,-4.77523271406418e-06,0.00463770638417694,-1.26471343951528e-05,0.0650666804230532,0.00013612532510684,0.00355378621661808,-2.14545841396892e-05
62,3.72509636070782e-05,-1.72801723616171e-06,0.00035413309284915,-4.00082306748668e-06,0.00471773561816694,-1.08456366369974e-05,0.066310957469374,0.000140826353055672,0.00362129043490477,-1.82866766433228e-05
63,3.79405593765946e-05,-1.58649036063174e-06,0.000360549241137947,-3.47370666760275e-06,0.00479489590883351,-6.51872434152069e-06,0.067432689543961,0.000139382801993127,0.00368708915939115,-1.68919777810856e-05
64,3.86320866955558e-05,-1.52069042008936e-06,0.000366871131031392,-3.27688431249904e-06,0.00487216013411026,-7.21505003035333e-06,0.0684866427744328,0.000121459529110282,0.00375496473658824,-1.60690345782562e-05
65,3.92833019697932e-05,-1.09942880590429e-06,0.00037294671143825,-1.78793882764529e-06,0.00495161628988889,-5.38241532112764e-06,0.0697755348656885,0.000126856327644661,0.00381976771713861,-1.23080101141201e-05
66,3.99906861067839e-05,-1.07883647839414e-06,0.000379344379952829,-1.78521452044105e-06,0.00502811597655539,-6.24534784233108e-06,0.0710745329962581,0.000150739959616521,0.00388983325156747,-1.21832344333027e-05
67,4.06355902108091e-05,-7.01090728026566e-07,0.000385775951439427,-7.38275178227991e-07,0.0051111777803857,-7.02530770533429e-07,0.0723564400453671,0.00016474457494032,0.00395057692132967,-8.21576931600444e-06
68,4.12732705105432e-05,-6.34039342877808e-07,0.000392108396358887,-3.1475599282432e-07,0.00519461124038271,2.50199439583583e-06,0.0735431305959833,0.000177284274031837,0.00401150142207149,-7.75432467575628e-06
69,4.18893784849341e-05,-6.56821638722923e-07,0.000398255145639395,-5.17278572769722e-08,0.00527799826387852,4.31622412750711e-06,0.0747586723751858,0.000179457237013076,0.00406909081750202,-8.42704634199363e-06
70,4.24570625680696e-05,-3.92040551786771e-07,0.000403898765194934,9.19761353614423e-07,0.00536265236168621,8.14966249452762e-06,0.0761293316966641,0.000167288932124152,0.00412274080774405,-6.01173300081478e-06
71,4.30590313887849e-05,-2.97587452796361e-07,0.000409831168096867,1.15134059675084e-06,0.00544001669205562,7.01471377471753e-06,0.0773934048162236,0.000169674772719214,0.00418051903023573,-4.92963067435797e-06
72,4.36509394844433e-05,-2.50197172851907e-07,0.000415537551768849,1.06254244100558e-06,0.0055200425706552,2.66905698342609e-06,0.0787073378949793,0.000153747228017579,0.00423814713014649,-4.25339085531998e-06
73,4.42685796542071e-05,-2.62962746234928e-07,0.0004210629695131,1.16508931534055e-06,0.00560681849657091,3.30276867293241e-06,0.0800224475666243,0.000172658443409838,0.00430035049475193,-4.56933109194446e-06
74,4.49364208397662e-05,-1.91848771232531e-07,0.000427136458105693,1.27197765591776e-06,0.00568072929758561,7.37661309155067e-06,0.0812343165583529,0.000204694684744237,0.00436555242282893,-3.56477773416071e-06
75,4.55720928007726e-05,-2.75661206311784e-08,0.000433126042780728,1.66238370274351e-06,0.00576367709758118,1.02111013926855e-05,0.0824681311755484,0.000240972969954068,0.00442838796631183,-1.67898197783746e-06
76,4.62837300523641e-05,4.9669137665925e-07,0.000440006372481013,3.16282018485953e-06,0.00585113167030883,1.66858821604046e-05,0.0838036515327381,0.000266728619193484,0.00449712752092065,3.62492823440423e-06
77,4.69404662596896e-05,3.87423167169443e-07,0.000446355296106386,2.88458997017139e-06,0.00594612688601341,1.85156521436596e-05,0.0850980576916545,0.000265551226388057,0.00456043901258299,2.61203639779032e-06
78,4.76033060231553e-05,5.17098813578176e-07,0.000452534575753952,3.06489217319408e-06,0.0060308913096503,1.74535661329678e-05,0.086479424665107,0.000268610824655856,0.00462524953399503,4.09409551991723e-06
79,4.82197959114102e-05,9.22471996788855e-07,0.000458425343107985,4.35269305558426e-06,0.00611278869252949,2.26098719312991e-05,0.0877738718633135,0.000286199770618563,0.00468398227300265,7.91091787540878e-06
80,4.87809497175141e-05,8.59556591180861e-07,0.000463487094817958,4.01978509765815e-06,0.00618813402692687,2.20085937769998e-05,0.0891039635235255,0.000295100942938105,0.00473880314937898,7.62672503433812e-06
81,4.94086075075818e-05,9.78457476374087e-07,0.00046908361156873,4.42709405768334e-06,0.00625431139253953,2.13770512017251e-05,0.0904499690733222,0.000299526404387018,0.00480116518843134,8.8878201917584e-06
82,5.008365297695e-05,5.91363843831783e-07,0.000475538323803953,3.59741213708279e-06,0.00634276222780138,2.16034291521221e-05,0.0916130870110698,0.000323594110558012,0.00486569935905841,4.77784005107125e-06
83,5.07332442848511e-05,5.55151424097933e-07,0.00048174973844256,3.3555534685411e-06,0.00643341096197859,2.31761855817554e-05,0.0928669032750527,0.000336114306150509,0.00492822455777501,4.52464564220672e-06
84,5.13554745929649e-05,6.23326880511101e-07,0.000487780833574897,3.29377125767262e-06,0.0065130637227704,2.5614128989842e-05,0.094204713771406,0.000345763240024925,0.0049882388621331,5.42395887863618e-06
85,5.19867883483121e-05,1.34387483431664e-06,0.000493792242231883,5.54403167160936e-06,0.00658764631244315,3.29208745976498e-05,0.095587499369616,0.000337052378047529,0.00504813364203224,1.2388539793445e-05
86,5.26716859436724e-05,1.93280807418264e-06,0.000500008778697473,7.3861723412362e-06,0.00666500384363927,3.79635529309687e-05,0.096966234015158,0.00032975049911576,0.00511481393286647,1.80971968488347e-05
87,5.33056940786432e-05,2.12763938007791e-06,0.000505981490215461,8.02100414380953e-06,0.00674216225665837,3.94155741603989e-05,0.0982994873236047,0.000308945891996996,0.00517758152597457,2.02113742335033e-05
88,5.39811572354019e-05,2.30443832142929e-06,0.000512838917713266,8.41731377428321e-06,0.00682331762409809,4.12386606716779e-05,0.0994717485718202,0.000304098665725061,0.00524082178826497,2.21500174426021e-05
89,5.47005357777469e-05,2.31120527484529e-06,0.000519747084332285,8.44923298064846e-06,0.00690387129413615,4.31735212183604e-05,0.100610708497342,0.000304644577470679,0.00530924571288228,2.22912585088687e-05
90,5.54272165163844e-05,2.48401847416535e-06,0.000526346031811836,9.12409564216792e-06,0.00698491955889133,4.89320463654494e-05,0.102010213292983,0.000322858098558123,0.0053779409097436,2.40847359036304e-05
91,5.61679044701194e-05,2.34363558820084e-06,0.000533360227157446,8.57495566502578e-06,0.0070652254662273,4.7923226971782e-05,0.103522530092255,0.000340724182108161,0.00544966692097285,2.28817949782191e-05
92,5.68937208073494e-05,2.26234502159025e-06,0.000540484590821943,8.44005471200658e-06,0.00714615706095218,4.95779876483215e-05,0.104818371018611,0.000350073938421388,0.00551821230345972,2.16723662430749e-05
93,5.75696727161541e-05,2.12170746206076e-06,0.000546629127216922,7.88532836678738e-06,0.00721972405186337,4.96882827702356e-05,0.106159542873859,0.000359171700426014,0.00558491932570797,2.04914053475391e-05
94,5.817882763098e-05,1.92421168157047e-06,0.000552385698476045,7.29268064363081e-06,0.00730179602412613,4.98124933517815e-05,0.10733193796151,0.000352701748931842,0.00564506255715478,1.8744312567635e-05
95,5.87509577306521e-05,2.34376185096091e-06,0.000558017938210809,8.61008055304481e-06,0.00738830991692646,5.59631057172748e-05,0.108680496503988,0.000340082232682282,0.00570022046270835,2.29450280306672e-05
96,5.93358559855632e-05,2.55054998228024e-06,0.000563841998334695,8.92674248096932e-06,0.00748179678851314,5.93335878086723e-05,0.109946668608433,0.000366471077959677,0.00575635997052249,2.55607887588476e-05
97,5.99667547476958e-05,2.92960133409656e-06,0.000569948998037876,9.37613940509089e-06,0.00755646828377501,6.02510072178538e-05,0.111180035169196,0.000367563842235513,0.00581807551359332,3.01932211383737e-05
98,6.05078313459434e-05,2.83282418477271e-06,0.000575490685075334,8.71739013862629e-06,0.00764393175876695,5.99924816494321e-05,0.112301628429722,0.000390034982829347,0.00587050743944734,2.9814020965249e-05
99,6.11189247825523e-05,2.83511031546885e-06,0.000581694993180511,8.95364266675624e-06,0.007732955860011,6.48208558524201e-05,0.113494714400697,0.000411019042728837,0.00592883001404925,2.97682691418675e-05
100,6.17676090926482e-05,2.81097050397352e-06,0.000587870191219539,8.51355222071444e-06,0.00782136046574731,5.99448726713806e-05,0.114921570465704,0.000399101621414017,0.00599323087217448,3.02725035521591e-05
101,6.23879272464257e-05,2.31575136059739e-06,0.000593481246712859,6.99747399780543e-06,0.0078904436415931,5.64651356859988e-05,0.116234794305674,0.000394529684400198,0.00605544004117206,2.55591020279997e-05
102,6.30938613985665e-05,2.19557033901704e-06,0.000599789182852262,6.86616197099847e-06,0.00796872012624961,5.80701474741462e-05,0.117571212489495,0.000378863728277911,0.00612633169896844,2.38928788930764e-05
103,6.37592665793771e-05,2.53946870435767e-06,0.000606216626834607,8.03671427075941e-06,0.00805331932202503,6.14423675175005e-05,0.118819896166674,0.000392011715952652,0.00619158333017945,2.69625062768516e-05
104,6.45297782501213e-05,3.00019514645057e-06,0.000614012394014773,9.712255728424e-06,0.00813154060131308,6.74558578300781e-05,0.119847625776472,0.000377235523162988,0.00626593361533847,3.10642338842604e-05
105,6.53266724208348e-05,3.09518762249209e-06,0.000621690105380185,1.01912842397736e-05,0.0082095365699077,6.91619837406517e-05,0.121252157387822,0.000357736942497465,0.00634249671231462,3.16553951644459e-05
106,6.60405360916651e-05,3.47155406645112e-06,0.000628700563082633,1.1741071100772e-05,0.00829920245495629,7.2468173002101e-05,0.122563379678673,0.000357925856834727,0.00640876197608088,3.46829604773521e-05
107,6.67560768160885e-05,4.40798040657997e-06,0.000635146308882253,1.40523299781355e-05,0.0083831364131189,7.6177949215126e-05,0.124085768252025,0.000363652594126151,0.00648049455156405,4.45251066988495e-05
108,6.74050227865288e-05,4.25272969984584e-06,0.000641238494032036,1.32896677277476e-05,0.00847706927855729,7.7016461237242e-05,0.125505191164799,0.000375842518307374,0.00654369159203268,4.34262959827005e-05
109,6.80467081308109e-05,4.40959757539041e-06,0.000647063783318561,1.36952640094708e-05,0.00855729939107541,8.28277366410422e-05,0.126862709023631,0.000391128973054656,0.00660909130394645,4.52244343249962e-05
110,6.85918996115036e-05,4.55126750429786e-06,0.00065275239432508,1.42124554900891e-05,0.00863392760074696,8.58279668046255e-05,0.128180967460113,0.000403356143743461,0.00666187166395542,4.67702219539957e-05
111,6.91617455856254e-05,4.52543275306897e-06,0.000658772191349183,1.38702327386631e-05,0.00870667324420991,8.21234733359755e-05,0.129832090309005,0.000406886479931618,0.0067160859907947,4.71787656770713e-05
112,6.97547610827883e-05,4.3307550899732e-06,0.000664759829191928,1.33633427030857e-05,0.00878575537909276,8.03726412072466e-05,0.131364052942083,0.000424754700491595,0.00677202649829226,4.5263438375473e-05
113,7.03938504272518e-05,4.40666046353056e-06,0.00067120012950155,1.4045464652e-05,0.00886490068327675,8.36430000613867e-05,0.132620071848195,0.000441109598072816,0.0068315019306222,4.53226670815628e-05
114,7.09951052111209e-05,4.47075703231204e-06,0.000677565926202223,1.43477508115106e-05,0.00894889191355745,8.43957641417546e-05,0.133943948539893,0.000431841350426507,0.00688540751006455,4.53981010475076e-05
115,7.16420848091771e-05,4.59304412783238e-06,0.00068411600610031,1.51107968154308e-05,0.00904246273119264,8.94300841971852e-05,0.135362342621859,0.000418902581903132,0.00694544945589843,4.60612934173899e-05
116,7.23506757989421e-05,4.89144228123325e-06,0.000690659174312798,1.61228546526902e-05,0.00912671769498205,9.33010851815187e-05,0.136599199121305,0.000426200750207423,0.00701383593313392,4.88794437273127e-05
117,7.31140067555276e-05,4.74164920203543e-06,0.000697866939596664,1.56627201488542e-05,0.00920368094308214,9.51775721746885e-05,0.137677750036425,0.00043170116898751,0.00708543877063722,4.75060802097952e-05
118,7.37405909099265e-05,4.94588267969049e-06,0.000703791288600416,1.66424722367088e-05,0.00929373966643033,0.000100094983791862,0.138767225669878,0.000429796246774371,0.00714608496333182,4.90692513390937e-05
119,7.4393908250943e-05,4.97894038159334e-06,0.00070990522852613,1.70435050427334e-05,0.00938303587076395,0.000107303955428162,0.139982307349202,0.00044191358194341,0.0072093733618645,4.91399513219124e-05
120,7.50342436538928e-05,4.59370937181571e-06,0.000715925152786068,1.60070240345559e-05,0.00946446984669512,0.000105297557128713,0.141243170647073,0.000445085698394181,0.00727067396632044,4.52002752886854e-05
121,7.56987735570462e-05,4.47080229767738e-06,0.000722601527437524,1.54324823299368e-05,0.00955147433802869,9.9838795720136e-05,0.142636140917287,0.000421710889642782,0.00733390591457763,4.45226130834749e-05
122,7.63589206119604e-05,4.15852826904282e-06,0.000729194252840326,1.50326464528073e-05,0.00963340640514869,9.91199668987756e-05,0.144201092860057,0.000418100433010119,0.00739779367757019,4.07782086513873e-05
123,7.70178339032977e-05,4.23597566435879e-06,0.000735321735356587,1.54406591161531e-05,0.00971042101001996,0.000100700168400388,0.145741065922164,0.000389517969710268,0.00746294382592735,4.11722690701746e-05
124,7.77017502388674e-05,4.38194275676079e-06,0.000741516570689055,1.61324646301068e-05,0.00978418906114249,0.000106272211400614,0.147061158330048,0.000388947470714647,0.0075308649663081,4.2222739804622e-05
125,7.83993518843807e-05,4.258026656947e-06,0.000748301817795053,1.62447492266816e-05,0.00986424490307028,0.000107468396939734,0.148378739887936,0.00035570646690703,0.00759741166019392,3.99707073522342e-05
126,7.90348160921907e-05,4.13724350053025e-06,0.00075456763194375,1.61154696905149e-05,0.0099361055082059,0.000104918490159989,0.150035090323179,0.000331004069569263,0.00766004640493134,3.83162260508548e-05
127,7.968643211381e-05,3.85345167034547e-06,0.000760789365635801,1.5286720732259e-05,0.0100302330729312,0.000105061765074068,0.151473523835184,0.000300627804558911,0.00772360495035786,3.58497582941529e-05
128,8.03291856377529e-05,3.80395385045593e-06,0.000767324927905838,1.49186721184313e-05,0.010127997236345,0.000101415734788476,0.152751110987127,0.00027223096638577,0.00778381405619794,3.52197759328948e-05
129,8.1024023822619e-05,4.31064034855099e-06,0.000774164109475224,1.60393561855373e-05,0.0102076594270956,0.000102482950730119,0.154015738860754,0.000269075471012087,0.0078483154875112,4.0422866766221e-05
130,8.16797259610105e-05,4.1895810460915e-06,0.000780588733292187,1.54012068389351e-05,0.0102974368040194,9.61954990757337e-05,0.155280402755895,0.00028471183725351,0.0079127527118553,3.96305773520567e-05
131,8.23920724269781e-05,4.0739289571151e-06,0.000787552589166159,1.48740313280939e-05,0.0103864346140891,9.37087748302359e-05,0.156747027444671,0.000303971282535124,0.00798204024163131,3.86843286805816e-05
132,8.30031985788091e-05,3.75320177805323e-06,0.00079309953144678,1.39191841417015e-05,0.0104760151367342,9.04841603716061e-05,0.158305467250166,0.000281198969172888,0.00804052079808827,3.56010088275924e-05
133,8.35984877344265e-05,4.12531320225063e-06,0.000798594746857259,1.5265572913117e-05,0.0105599668791258,9.46806860544349e-05,0.159456942663979,0.000302501104628564,0.0080980223935518,3.87255721100258e-05
134,8.42729797246073e-05,4.77967100670817e-06,0.000805264095036345,1.72331002339829e-05,0.0106556944678994,0.000102006455763413,0.160644858540543,0.000343079788710624,0.00816096595400773,4.52795196107096e-05
135,8.4980663723046e-05,4.82554265114472e-06,0.00081193188688742,1.75713341150926e-05,0.0107425933565912,0.000100590339261225,0.161990071898515,0.000331716549808015,0.00822898728961042,4.57755572353017e-05
136,8.56528289545879e-05,4.9318400423522e-06,0.000818452246843599,1.76723438136242e-05,0.0108382777695742,9.86364813635328e-05,0.163559059064703,0.000331176723759364,0.00829249112061838,4.67615523582569e-05
137,8.62551182935277e-05,5.3008944628384e-06,0.000824251744910106,1.86215281230441e-05,0.0109333286870424,0.000101120340586646,0.164990178792124,0.000324099336727331,0.00835092080060606,5.03260763726013e-05
138,8.69052991643323e-05,5.24354304607514e-06,0.000830189074540263,1.79443600740989e-05,0.0110188128546058,0.000100824594987485,0.166307463741582,0.000304168295434866,0.00841637084308921,5.032375109937e-05
139,8.7536923491569e-05,5.34723795281398e-06,0.000836007994302478,1.8760652747678e-05,0.0110998617514726,0.000107837125004894,0.167642096150424,0.000294188087243992,0.00847856146002027,5.07892503315386e-05
140,8.82142220974632e-05,5.54757979397077e-06,0.000842301387546819,1.94843532273487e-05,0.0111952585542671,0.000107341687818474,0.168935404961939,0.000281275037145598,0.0085459398187011,5.24886697455554e-05
141,8.88594898955145e-05,5.803250301533e-06,0.000848566436772728,2.0413402505284e-05,0.0112729886170121,0.000103253243712008,0.170137757748857,0.000290484595781668,0.00861038887022741,5.45372748927069e-05
142,8.95093749995339e-05,5.81700447591549e-06,0.000855555102781542,2.01034435936062e-05,0.0113543484057462,9.72299558666988e-05,0.171247951605056,0.000300782672907805,0.00867185531772701,5.50529966877286e-05
143,9.02369870627534e-05,5.63159950479685e-06,0.000862596506765089,1.94124236391717e-05,0.011417716361714,9.22613262548605e-05,0.172140123263778,0.000281622894411423,0.00874052303115429,5.33119264030375e-05
144,9.08999723394373e-05,5.42743551262076e-06,0.000868646619256634,1.85501244211954e-05,0.0114995530896044,8.9987015522175e-05,0.173368198033268,0.000266820249693942,0.00880317753330577,5.13712039124027e-05
145,9.14400017267569e-05,4.88512509211729e-06,0.000873672779148367,1.7108791276911e-05,0.0115812740083084,8.35895741936452e-05,0.174649406830324,0.000223945983173866,0.00885343712728534,4.59255442460738e-05
146,9.21517877628117e-05,4.85226865851404e-06,0.000880832620640501,1.73331441142152e-05,0.0116670009919686,8.6471070003331e-05,0.175725181162238,0.000205191919324019,0.00891686551490161,4.53814775557272e-05
147,9.28633763705756e-05,4.84552445805515e-06,0.000887644547705204,1.73094672704849e-05,0.0117528904209804,8.90165510746045e-05,0.177047928110297,0.000192185997405739,0.00898329027720044,4.59858945213553e-05
148,9.35192983366816e-05,4.74644169307481e-06,0.000894549072651769,1.66852158714587e-05,0.0118562625045587,8.3850893651778e-05,0.178534254350292,0.000171993761249061,0.00904556948348704,4.54708117539086e-05
149,9.42404153114803e-05,4.72135679199098e-06,0.000901766072656461,1.64432717031472e-05,0.0119551563426901,8.3411697738542e-05,0.179939580478804,0.000163434273257186,0.00911550314912475,4.52993830606149e-05
150,9.48418979910983e-05,5.17070835758164e-06,0.000908020547892069,1.75814303842758e-05,0.0120498755653294,8.91531677246024e-05,0.181479043379134,0.000153086271709326,0.00917340749592762,5.01439215584432e-05
151,9.5449549717226e-05,5.59852994030596e-06,0.000914138389416718,1.90435828593031e-05,0.0121422620595859,9.11339227185047e-05,0.182658087379458,0.000137449508813085,0.00923010836971073,5.40501041119206e-05
152,9.61347270767444e-05,5.61137838761306e-06,0.000921043581228903,1.85821381752261e-05,0.0122304671798459,8.30154935334888e-05,0.183826350409978,0.000118536311583787,0.00929498387025268,5.46931157401011e-05
153,9.67617532586316e-05,5.96297409831016e-06,0.000926724157248082,1.87571863803513e-05,0.0123008642239224,8.1016633107667e-05,0.185128979298173,9.44331627313226e-05,0.00935590486159447,5.9310116703697e-05
154,9.74067434326285e-05,6.03055039980281e-06,0.000932844942775936,1.93658175334679e-05,0.0123818734844719,8.53971691369963e-05,0.186429969757012,8.77203488148759e-05,0.00941732847442702,5.94498334113628e-05
155,9.80254691741575e-05,6.41806443083501e-06,0.000938649375641746,2.05281368260662e-05,0.0124696669149468,8.75164414137304e-05,0.187838047495167,7.0531725970941e-05,0.00947737423659582,6.30083554118802e-05
156,9.85651762226618e-05,6.11267084151876e-06,0.000943603633556562,1.94083614932923e-05,0.0125678806256763,8.43899808535639e-05,0.18933689837128,4.33352488991052e-05,0.00953198047862651,6.02084147559807e-05
157,9.92003920187831e-05,5.47254517058814e-06,0.000949549792472109,1.76886135767659e-05,0.0126682199564992,8.15239506055103e-05,0.19089847149378,4.84739349659143e-05,0.0095931286183814,5.38303767065875e-05
158,9.99951501432893e-05,5.09860938065419e-06,0.000956752973344499,1.69268608849408e-05,0.0127677881932662,7.98234149036023e-05,0.192238587934692,5.42457656532897e-05,0.00966924871490201,4.94289499104696e-05
159,0.000100762509099745,4.75028589270385e-06,0.000963977384408548,1.58155632514114e-05,0.012860425279948,7.4607719720199e-05,0.193588779457209,1.44496270659589e-05,0.00974117134087849,4.60860705805845e-05
160,0.000101470263256468,4.69043851126028e-06,0.000970369923886319,1.57892380997137e-05,0.0129467737941881,7.34978660130605e-05,0.194850141326023,-3.71021443813354e-05,0.0098089353175469,4.53242193223998e-05
161,0.00010212822083018,4.84387156655617e-06,0.000976655232409003,1.65415089027662e-05,0.0130335528322664,8.13609846209542e-05,0.196505191662862,-3.5879140503957e-05,0.00987282104325959,4.65412531713339e-05
162,0.000102788112383365,4.83661694365156e-06,0.000982380150658772,1.6814305276551e-05,0.0131207593449677,8.61679623889943e-05,0.198279449755026,-2.67492328104733e-05,0.00993907325281027,4.61232630909524e-05
163,0.000103335580564868,4.85554471193848e-06,0.000987663967400357,1.69814184928312e-05,0.013218071951784,8.99895032974635e-05,0.20005037897887,-5.74231676499944e-05,0.00999383591014859,4.58964478718652e-05
164,0.000103952598295497,4.75634986587932e-06,0.000993535480119292,1.69470887753576e-05,0.0133050098101055,9.11599159245575e-05,0.201650498066911,-7.33334000534367e-05,0.0100553385955229,4.41591197562207e-05
165,0.000104590015660646,4.18647858467966e-06,0.000999406159300101,1.51403237421194e-05,0.0133824515716907,8.6047076498212e-05,0.202908208726542,-8.01069391786194e-05,0.010117607788742,3.87364220668809e-05
166,0.000105109565691694,3.74957996259347e-06,0.00100420030571366,1.41559427723873e-05,0.0134609608642401,8.6362220221521e-05,0.204268001635303,-7.91486753116304e-05,0.0101730607218167,3.40627393132777e-05
167,0.000105647778491657,3.2699390394475e-06,0.00100960397689738,1.28705646975413e-05,0.013544347644688,8.44037407321233e-05,0.205850712519225,-4.8292373622906e-05,0.0102270073266768,2.89173053071401e-05
168,0.000106272927777097,3.07641615088547e-06,0.00101589239313034,1.22894917923655e-05,0.0136375253908766,8.23109616821473e-05,0.207052019442996,-5.5157094581268e-05,0.0102867753333117,2.67197674800537e-05
169,0.000106815737298848,3.60606524871165e-06,0.00102105434576046,1.39515876375189e-05,0.0137292797444893,8.78942607373085e-05,0.208283178372387,-6.04994013222001e-05,0.0103396928458512,3.17205087509491e-05
170,0.00010736832405595,4.54747827404289e-06,0.00102629253232469,1.66719731286897e-05,0.0138299826425883,9.39037241244598e-05,0.209615493404332,-2.89316311171093e-05,0.0103923671717807,4.07151667314747e-05
171,0.00010802941774493,5.23185470106985e-06,0.00103263898653669,1.86534492133565e-05,0.0139081516083263,9.77976222767626e-05,0.211057709672441,-1.32361504160539e-05,0.010456500637587,4.7656164231208e-05
172,0.000108637275022942,5.6325550051687e-06,0.00103805644518504,1.96599206045761e-05,0.0139775967341233,9.96842194750917e-05,0.212314082853365,-4.0382511006076e-05,0.010518323853469,5.15987737442854e-05
173,0.000109202609030886,5.87440171845407e-06,0.00104364867204354,2.05741949989567e-05,0.0140568252780537,0.000102342732683512,0.21373284318726,-7.05762429908932e-05,0.0105752015731934,5.3784961009309e-05
174,0.000109872321871032,6.07082885001074e-06,0.00104972471877186,2.15862470370031e-05,0.0141349851097699,0.000104793128527876,0.215027285630516,-9.59723440949215e-05,0.0106437048964029,5.50103799648871e-05
175,0.000110511868045702,6.06741458219459e-06,0.00105590664263658,2.19244000507603e-05,0.0142345457916083,0.000103854930747511,0.216307325448875,-0.00012320035223274,0.0107054021787851,5.43168223019307e-05
176,0.000111148235973201,6.33192166864992e-06,0.00106245131530971,2.31366617227419e-05,0.014308340347233,0.000110184582970854,0.21783545409081,-0.000127360210787607,0.0107665945900162,5.64345048208337e-05
177,0.000111930116849914,6.54778787322667e-06,0.00106944006441899,2.3867822415867e-05,0.0143792199304146,0.000117387109945461,0.219063197449543,-0.000131143911660717,0.0108416607659509,5.84177395224336e-05
178,0.000112572862313952,6.55975583092662e-06,0.00107499205883643,2.36027577410526e-05,0.0144474404322695,0.000114696266897203,0.220378186084568,-0.000167536598205748,0.0109047446172824,5.90628595547957e-05
179,0.000113133950804766,7.36351506501496e-06,0.00107953189041637,2.59604906079091e-05,0.0145082456534313,0.000122411041050033,0.222115973194906,-0.000167787851029932,0.0109614069044422,6.71206530138375e-05
180,0.000113707018017476,7.90057583345808e-06,0.00108484756578041,2.75851408446524e-05,0.014582090998846,0.000122651697345793,0.223500543720005,-0.000149648660701386,0.0110170963693716,7.20117199650988e-05
181,0.000114271406687598,8.09256940906673e-06,0.00109027696110122,2.82732033152403e-05,0.0146538118997133,0.000123502376394287,0.224777259835429,-0.000149496123740334,0.0110711606169247,7.37127130129508e-05
182,0.000114946967538666,8.27386917124539e-06,0.00109627954149901,2.86442727928022e-05,0.0147274932516039,0.000127705050096276,0.226016713790946,-0.000128238328481226,0.0111392682202518,7.59844311963251e-05
183,0.000115545266497203,8.23784277775809e-06,0.00110186795202639,2.84082321739822e-05,0.014809553766215,0.000132830679003981,0.227181639089081,-9.99270926868642e-05,0.0111986209551079,7.62224565046532e-05
184,0.000116226128465739,7.94430175367593e-06,0.00110800343645939,2.74632826956935e-05,0.0149150720472637,0.000134594590193838,0.228464714275368,-0.000128217667893198,0.0112671390057301,7.36749801489367e-05
185,0.000116790228244655,7.42293417666919e-06,0.0011134806912716,2.55131846936652e-05,0.0150041441072583,0.000133525881616826,0.229428638039549,-0.000118339173367136,0.011323837133147,6.94041562846878e-05
186,0.000117497601945382,7.41018114748486e-06,0.00111980182766964,2.57699437877413e-05,0.015081404856368,0.000138277454902045,0.230597547017606,-0.000103830376434529,0.0113940823675983,6.86496714126927e-05
187,0.000118104326232675,7.25972990854702e-06,0.00112558588909967,2.56070058630801e-05,0.0151634983128102,0.000141719607258838,0.231938969329648,-6.00221975954422e-05,0.0114544639004593,6.66371813129641e-05
188,0.000118747851469273,7.73521899711896e-06,0.00113222323507976,2.73161400829317e-05,0.015245682926452,0.000153162449126407,0.232936141833731,-1.26178757365865e-05,0.0115146048457127,7.0957322700537e-05
189,0.000119392971775974,8.09026591334058e-06,0.0011384739276554,2.86022953033613e-05,0.0153226253690882,0.000158849783929356,0.234064605657667,3.25455380469175e-05,0.0115731210994217,7.45710486842982e-05
190,0.0001200571751487,8.75631055924572e-06,0.0011439826249706,3.07772788662584e-05,0.0153933304469693,0.000165574195666761,0.235368708523967,6.84454838432988e-05,0.011638979092777,8.12294059804943e-05
191,0.000120685253718198,9.0119957070151e-06,0.00114962621362019,3.15918235653847e-05,0.0154758661727611,0.00016590952068974,0.236859074203534,6.19096170207129e-05,0.0116992985133492,8.37901318997883e-05
192,0.000121305961777323,8.81455727699686e-06,0.0011552639984977,3.12061219984158e-05,0.0155715652780184,0.000163174395493313,0.238346649691729,6.60717879342021e-05,0.0117613144070069,8.19053992754027e-05
193,0.000121865008832898,9.62391373670249e-06,0.00116071450276337,3.39378567456325e-05,0.0156686463471104,0.00017378715407864,0.239910755713018,0.000103693317068594,0.0118161802969049,8.95264450755217e-05
194,0.000122472380496287,9.24425194495415e-06,0.00116687419712082,3.25723440124926e-05,0.0157602117171864,0.000170171948051521,0.241321441506633,0.000143151548295545,0.0118742469020325,8.62199899347167e-05
195,0.000122990738096982,8.5683146654101e-06,0.00117201449358952,3.03153134152517e-05,0.0158542086749645,0.000159359786470523,0.243118520441898,0.000143479270415897,0.0119237092063836,7.99626170069459e-05
196,0.000123522762854287,7.98839228314971e-06,0.00117810271065748,2.86457613486935e-05,0.0159402906599475,0.000160961610684185,0.244642599985143,0.00014933473394458,0.0119719058323637,7.4350458319473e-05
197,0.00012421975134602,7.47326635946635e-06,0.00118568605932696,2.73202630261574e-05,0.0160255357518077,0.000161580573603604,0.24613632614555,0.000114692077788813,0.0120349438095562,6.90730304971167e-05
198,0.000124828156046461,6.98581826035416e-06,0.00119200171364812,2.54713448719304e-05,0.0161112134314814,0.00015632399323,0.247360554084898,0.00010709722353083,0.0120940105389599,6.48011730093667e-05
199,0.000125468577021084,6.76201233393486e-06,0.00119853983334905,2.47656519771145e-05,0.0161674667420279,0.000158064954997832,0.248432318705602,0.000104244180549028,0.0121512576332452,6.26095230550389e-05
200,0.000126031342669478,6.453786762801e-06,0.00120389620153672,2.38524713963071e-05,0.0162373946874001,0.000161539585865644,0.24958722062915,8.67187690743148e-05,0.0122069111296122,5.9744872134602e-05
201,0.000126539620244065,5.94101827771447e-06,0.00120870358233195,2.25339699829973e-05,0.0163095853902417,0.000163088865483583,0.251057387570503,7.57107015971747e-05,0.0122588301813564,5.44936225768128e-05
202,0.000127031261475429,6.36806157936831e-06,0.00121368122403791,2.3705313717869e-05,0.016374852829972,0.000163923020545922,0.252391680737502,3.0616885647544e-05,0.012304048085946,5.8429622921447e-05
203,0.000127586636168082,6.63578686906574e-06,0.00121958661569201,2.45412499597352e-05,0.0164576441126982,0.000162444961152527,0.25348071162257,-7.17952614590636e-06,0.0123574391252528,6.0466556623387e-05
204,0.000128202654045454,6.64980472377863e-06,0.00122578755551378,2.48026416986863e-05,0.0165238251158431,0.000165953540583485,0.254729138454098,3.97510430781498e-07,0.012413878103248,6.06944587534693e-05
205,0.000128670690954054,6.27234880386796e-06,0.0012297087576749,2.37037569093311e-05,0.016578926608611,0.000164552308176155,0.255954242700548,9.30329059974347e-06,0.0124603358563741,5.69793255450151e-05
206,0.000129192819641634,6.21224567814519e-06,0.00123457649519089,2.3461371440919e-05,0.0166496290626687,0.000160733714775187,0.257459159015764,3.12693192081277e-05,0.0125117788620608,5.64774939420817e-05
207,0.000129782503461538,5.91225073390046e-06,0.0012396425917401,2.27576909198583e-05,0.0167249128165126,0.000163014409020883,0.258686919606097,1.36768989031245e-05,0.0125719802044864,5.33286187461193e-05
208,0.000130325464898056,6.3033151215048e-06,0.0012446318232856,2.39365572787146e-05,0.0168231607099483,0.000170559820122536,0.260054869070975,3.91913481967814e-05,0.0126266699106768,5.76441871510592e-05
209,0.000131082012821838,6.5547440671475e-06,0.00125123532540372,2.48995776938223e-05,0.0169171972657098,0.000173883319269435,0.261434566427275,8.28781244918046e-05,0.0127034773059378,6.01166802690046e-05
210,0.000131754334854547,6.63361315462835e-06,0.00125730642454809,2.50134698711345e-05,0.017016890950656,0.000173071019853996,0.262810429283862,0.000100159271414509,0.0127705281165763,6.13487308230678e-05
211,0.000132462360107195,5.66315191636494e-06,0.00126403679358245,2.22308331065651e-05,0.017099646560634,0.00016758943607911,0.263997962288733,5.4849398278887e-05,0.0128389847331568,5.18569238404085e-05
212,0.000133097517191367,5.15262615434648e-06,0.00126963850359232,2.09431612639637e-05,0.0171874725207061,0.00016853379776626,0.265271672897646,1.12507310125681e-05,0.0129020927044639,4.67508211112743e-05
213,0.000133860103077075,4.91799726962331e-06,0.00127679460367757,1.97455690998233e-05,0.0172933795688236,0.000164538460697048,0.266605810574595,1.00343774609139e-05,0.012974194501446,4.52762932089063e-05
214,0.000134577651866494,5.11931387201538e-06,0.00128383917224256,1.99228542344302e-05,0.0173926920401112,0.000165002735795017,0.267909131799135,-1.45576185297348e-05,0.0130421133219682,4.78513361521377e-05
215,0.000135297018772912,5.87415892506606e-06,0.00128921729407213,2.17396567683422e-05,0.0174811060139492,0.000166291292219744,0.269146933716595,-1.86575670431416e-05,0.0131163271402283,5.5804401719182e-05
216,0.00013585894396991,5.85973746534918e-06,0.00129471239662741,2.15069558987009e-05,0.0175785924145822,0.000157394392735188,0.270542612013365,-2.03608976873546e-05,0.0131707707063978,5.56124685515916e-05
217,0.000136486942913622,6.36033272957822e-06,0.00130151792813888,2.31208030058976e-05,0.0176754430965115,0.000157497953813358,0.272131050139279,-3.03691408869822e-06,0.0132284591860343,6.00370197541556e-05
218,0.000137064149924873,6.14678753014613e-06,0.00130688531646303,2.23542749551313e-05,0.0177694973928986,0.000152793947820133,0.273681885983199,-5.35434538531245e-06,0.0132849169991717,5.79104692386522e-05
219,0.000137618831849738,6.67015640720748e-06,0.00131222785993521,2.34802942896605e-05,0.0178505004476228,0.00015508959192716,0.275177583579665,-7.65433721598378e-06,0.0133420284170755,6.34602822796404e-05
220,0.000138243036051224,7.0816234983899e-06,0.00131789289647337,2.44691891886445e-05,0.0179383482674134,0.000161418506276932,0.276541913488645,-1.19558278093703e-05,0.0134050966984473,6.85376298644019e-05
221,0.000138922682480554,7.1659735493524e-06,0.00132459423307021,2.50674953525297e-05,0.0180127918302547,0.000166884172395501,0.277912758127758,-5.58190772017624e-06,0.013474471215349,6.993124857979e-05
222,0.000139762246912928,8.08159451204426e-06,0.00133244619181082,2.82528211570869e-05,0.0181116017034777,0.000178218778504327,0.279434083904525,-1.86845212496831e-05,0.0135582094066466,7.81544593281228e-05
223,0.000140520115421835,8.16445804187105e-06,0.00133944420075208,2.83106302367491e-05,0.0182039602866348,0.000181471462210326,0.280935859053682,-2.03988344750426e-05,0.0136328146161876,7.90442438585404e-05
224,0.000141233397774375,8.0785361711617e-06,0.00134643549151042,2.82955519676578e-05,0.0182903377196727,0.000184887130967875,0.282352174915874,5.77342270797572e-06,0.0137015173251074,7.79082693995751e-05
225,0.000141915848998822,8.67237650933642e-06,0.00135273476574703,3.03161680685936e-05,0.0183753774195873,0.000183589855784502,0.283641838583659,1.90953684851866e-05,0.0137691710807512,8.304787176407e-05
226,0.0001426321944628,9.02286148967804e-06,0.0013599912662082,3.19688633792646e-05,0.0184522446483989,0.000189608819975837,0.285389481344722,3.60972808614054e-05,0.0138370235939246,8.55905886425277e-05
227,0.000143349839329312,9.35181713817168e-06,0.00136699291422759,3.30092755208223e-05,0.0185476147214944,0.000192473349056456,0.286959367909999,1.91903768156176e-05,0.0139038060673973,8.91715698733945e-05
228,0.000143896519706074,9.44388097916488e-06,0.00137276937623384,3.34456451171893e-05,0.0186447521364232,0.000190933254888723,0.288389765252036,-4.99535138632518e-06,0.0139542724563796,8.97293868005986e-05
229,0.000144465506055661,8.92706558423658e-06,0.00137823091340758,3.1848988092414e-05,0.0187439188325806,0.000187942746722383,0.290067633141239,-1.10786900488526e-05,0.0140087901657444,8.4628075655132e-05
230,0.000145117264372658,8.95068575994003e-06,0.00138430818364696,3.13614225972185e-05,0.0188434162079096,0.000184265584150052,0.291590574242885,-4.33679568824451e-05,0.0140684357516506,8.54599170324288e-05
231,0.000145689982766747,8.84080640074497e-06,0.00138998971708975,3.03817133031893e-05,0.0189326122335838,0.000177247752014027,0.292696570133314,-8.46359905458941e-05,0.0141220164095977,8.48564281934545e-05
232,0.000146150910279786,8.95920473538511e-06,0.00139468323454297,3.0357314597299e-05,0.0190004365474512,0.00016676297404683,0.294003170582804,-0.000115620774396542,0.0141669623392192,8.66379275217109e-05
233,0.00014675854106792,8.38208323673348e-06,0.00140036141998392,2.80385852468346e-05,0.0190787963926782,0.000156158697523935,0.295424654589128,-9.96449404585924e-05,0.0142270813101882,8.19851708405894e-05
234,0.000147503174960866,8.44071801885861e-06,0.00140725555121485,2.77326648597255e-05,0.0191646752975008,0.000153046388904123,0.296474166377534,-7.32867137947974e-05,0.0142993862231027,8.31815221856965e-05
235,0.000148258406984358,8.18791892335677e-06,0.00141389785560374,2.69481625880254e-05,0.0192529503812547,0.000146556265977148,0.29750436824467,-0.00010526491920392,0.0143754875244231,8.07394214440958e-05
236,0.000148968909082183,8.32594688002931e-06,0.00142053458450942,2.77387398364003e-05,0.0193279472757428,0.000142455260910437,0.298878186194125,-9.73957422069535e-05,0.0144457866987256,8.15719392163348e-05
237,0.00014968449691613,8.60095324377469e-06,0.00142673511301749,2.88665901391586e-05,0.0194081542466188,0.000142089193087784,0.300282785494917,-6.00668365569818e-05,0.0145176887980658,8.36780248165314e-05
238,0.000150338755335432,8.70283150897068e-06,0.00143253213975797,2.89338350916081e-05,0.0194720175377188,0.00013595365749305,0.301911751395097,-9.79237187258217e-05,0.0145797067910597,8.51902247370531e-05
239,0.000150996317847501,8.64072980181081e-06,0.00143822628210102,2.82970196032612e-05,0.0195406127173324,0.000132132287460727,0.303671247041757,-0.000103650018345995,0.0146445295557742,8.51960902915284e-05
240,0.000151748582525873,8.42803865575874e-06,0.00144519775179648,2.78109459006475e-05,0.0196203271330293,0.000127758203842225,0.305823698396927,-0.000126432668908266,0.0147201920325779,8.22810786447847e-05
241,0.00015230865364527,8.33403720394887e-06,0.00144999619713648,2.72901892059404e-05,0.0197031620210924,0.000121199367070311,0.307527891207391,-0.000140652748093751,0.0147801736328679,8.10673671567984e-05
242,0.00015295341467573,8.91669790800325e-06,0.00145618770185032,2.87690961148046e-05,0.0197836093543374,0.000129246202316124,0.308962143779334,-6.64593134745188e-05,0.014839987144582,8.71994175531969e-05
243,0.000153682071556017,9.35912589307252e-06,0.00146340275382125,2.97768617991038e-05,0.0198649223549529,0.000132639267642088,0.310021226906268,-5.63153820177977e-05,0.0149068759514645,9.20352218322663e-05
244,0.000154412213674775,9.19160429030837e-06,0.00147078652544622,2.85765447512789e-05,0.0199485336901359,0.000126218474752572,0.31117932690372,-5.17134862668966e-05,0.0149755294679662,9.13675244910663e-05
245,0.000155200683800501,9.31455318669131e-06,0.00147821244183252,2.88856271986706e-05,0.0200282475337711,0.000124110788458596,0.31240783791673,-4.75078342298891e-05,0.0150528746109311,9.25092646793761e-05
246,0.000155990117324787,9.39333245618082e-06,0.0014857018337869,2.95391289935896e-05,0.0201396349960843,0.000129130134173647,0.313690652030841,-4.92877544137412e-05,0.0151311297231541,9.2973376541551e-05
247,0.000156684037600595,9.64567872539194e-06,0.0014922389158948,3.01348485088294e-05,0.0202649381965855,0.000130287924757826,0.315285349620585,-6.07790178077468e-05,0.0151987690598374,9.53319872513507e-05
248,0.00015748128010427,1.02728052202683e-05,0.00149861042880315,3.18224282115734e-05,0.020353499175698,0.000134072454095303,0.316514216155804,-3.7797464266719e-05,0.0152808488505978,0.000101294576858664
249,0.00015814614884462,1.04691124604761e-05,0.00150516024694507,3.2149908817394e-05,0.020451288779967,0.00013094419622679,0.317661767321812,-1.44703550230408e-05,0.0153439435026942,0.000103663242897958
250,0.00015896474194928,1.0427450857583e-05,0.00151272634591205,3.21819372311512e-05,0.0205662266650703,0.000131356729981798,0.319511572381905,4.83367143336677e-06,0.0154231730051085,0.000103026540095538
251,0.00015964909711518,1.0271417399384e-05,0.00151952974445868,3.1364343907307e-05,0.0206702730315834,0.00013082552430837,0.321160462886914,2.79432744466802e-05,0.0154885115469608,0.000101915836065654
252,0.000160354777338715,1.1155664124311e-05,0.0015259761560282,3.36051100145537e-05,0.0207580828479074,0.000135590570439965,0.322775674648593,4.19059116766781e-05,0.0155604355926313,0.000110727823677631
253,0.000160996223964185,1.13369543166398e-05,0.00153195992703352,3.43605186568783e-05,0.020854056300939,0.000132815567546473,0.32452877458507,6.33799650906305e-05,0.0156257609889444,0.000112398837193657
254,0.000161696558441831,1.09779153355143e-05,0.00153835130588931,3.35977535615267e-05,0.0209644575029482,0.000135164643285497,0.326079153593914,8.66812031754605e-05,0.0156981384865992,0.000108314809759961
255,0.000162253918870959,1.14048189469477e-05,0.00154376663558762,3.50091696950775e-05,0.0210708925679676,0.000143735109189738,0.327840618709494,0.000116215801895283,0.0157533892882137,0.000112007501171444
256,0.000162882058358089,1.20378081773263e-05,0.00155087534911773,3.69006188127953e-05,0.0211791923048672,0.000150513256397294,0.329569039278173,0.000123918273002752,0.0158073977403124,0.000118188996687863
257,0.000163568908633913,1.26286444686162e-05,0.00155849652327151,3.84595080584993e-05,0.0212475739035335,0.000147257617653273,0.331331797524961,9.71797906259657e-05,0.0158684414413051,0.000123875991193515
258,0.00016434810575526,1.35978238487171e-05,0.00156630429777425,4.11087005582619e-05,0.0213280758894076,0.000155247949846014,0.332630498679357,0.000111750230461948,0.0159421287158819,0.000133254495814922
259,0.000165053811859948,1.37275689017083e-05,0.00157348031322516,4.09302110793033e-05,0.0213980820840005,0.000160915821283668,0.334043923026726,0.000114415480862703,0.0160100012779943,0.000135861207273496
260,0.000165824916861451,1.26408300473686e-05,0.00158122921136529,3.77852122612753e-05,0.0214815792643705,0.000156291551960415,0.335415154916619,0.000116812743041401,0.0160821024329492,0.000125431826065754
261,0.000166417198822691,1.15252928154814e-05,0.00158739249481371,3.4581574016984e-05,0.0215782632869213,0.000148055850196112,0.337089295228886,4.46872112250224e-05,0.0161380297017598,0.000114880660580351
262,0.000167044647375767,1.15985685038283e-05,0.00159352382037619,3.50692968940401e-05,0.0216661045425144,0.000151649852905891,0.338483523332562,3.285294586921e-05,0.0161950764227956,0.000114802843840062
263,0.00016772211298518,1.19127716443956e-05,0.00159937351602906,3.64441406770905e-05,0.021759137411375,0.000161491353642386,0.340149971537795,6.72419447984234e-05,0.0162658615510982,0.000117128825716161
264,0.000168501916369225,1.21541720813815e-05,0.00160508624061067,3.69458934720938e-05,0.0218373056520028,0.000161816656147801,0.341611295799802,6.58573420051692e-05,0.016348872635739,0.000119762042284605
265,0.000169078755264866,1.13973411035591e-05,0.00161069886461655,3.50004639604032e-05,0.0219066156969287,0.000159432509480126,0.342736805709086,6.24150114853546e-05,0.0164068416583207,0.000112300636078355
266,0.000169629556227216,1.1343718457766e-05,0.00161604001832871,3.46542764574662e-05,0.0219928496461237,0.000158004719319064,0.343767601080337,9.25567707145088e-05,0.0164625164083759,0.000112015936489136
267,0.000170145739697193,1.17353638062534e-05,0.00162051561303086,3.61104738552445e-05,0.0220546290228722,0.000160591838792791,0.345258682417397,9.49362014596877e-05,0.0165173813671778,0.000115528776082147
268,0.000170665343107498,1.17722126297702e-05,0.00162569293961807,3.63369218652562e-05,0.0221081764844114,0.000168362207357045,0.346531061210164,0.000101555043951768,0.0165715744351044,0.000116141004366674
269,0.000171179670039155,1.20520691181611e-05,0.00163108555502076,3.64891173492493e-05,0.0221794539190312,0.000161672204417411,0.348108559187322,8.68539825343755e-05,0.0166249501525563,0.000120006724019712
270,0.000171802165741619,1.15410070159219e-05,0.00163674934342418,3.49742149241566e-05,0.0222745812099236,0.000158774708896263,0.349643473549755,0.000116361765177595,0.0166878504276343,0.000114921724607354
271,0.000172168522992555,1.12022217046233e-05,0.00164027394267713,3.49834739642822e-05,0.0223709229768491,0.000165239245768265,0.351097147217925,0.000139718924200389,0.0167279983655076,0.000110080823602377
272,0.000172822853726416,1.12164455856952e-05,0.00164622659547728,3.44907379206934e-05,0.0224510621555802,0.000164740580337279,0.352744321453887,0.000172317001786561,0.0167929358195382,0.000110638386333668
273,0.000173479966908568,1.16087297713121e-05,0.00165229834151109,3.53764480984448e-05,0.0225354460744295,0.000171662121713243,0.354077601100319,0.000223963342515541,0.0168613351234816,0.000115048669951138
274,0.000174221304996231,1.10481092858789e-05,0.0016594732968758,3.31887821252323e-05,0.0226148499289183,0.000169797902795862,0.355243754709604,0.000272250345153068,0.0169360308199457,0.000110221407971146
275,0.000174984467331185,1.0103916074055e-05,0.00166670852865584,2.92213897794986e-05,0.0226900652302022,0.000161984961700611,0.356449876917824,0.000294621954474994,0.0170109700216089,0.000102280985226263
276,0.000175577044751471,9.63845122738439e-06,0.00167295543239546,2.76803978840081e-05,0.022766198637845,0.000165048471348925,0.357745862559048,0.000333294997065923,0.0170645148594211,9.77769352990717e-05
277,0.000176286981626239,9.10340349038777e-06,0.00167932772033339,2.64579262361965e-05,0.022847020396304,0.000169945314820477,0.358769071221196,0.00037038432656167,0.0171325914121261,9.19092499960657e-05
278,0.000177037897333145,8.60766229869371e-06,0.00168616415772538,2.53069515878131e-05,0.0229409979923543,0.00017378819535387,0.359752555540713,0.000351414220394329,0.0172012157647854,8.69118239714983e-05
279,0.000177775019171576,8.96234678608767e-06,0.00169200411235636,2.69354764140517e-05,0.0230294940486924,0.000184367934891851,0.360921239836926,0.000376439492587169,0.017279249786069,8.94806431519502e-05
280,0.000178372270259096,9.1919895631511e-06,0.0016978875594276,2.78462306326551e-05,0.0231309517975605,0.000189395544519899,0.362294919027122,0.000411450077969165,0.0173409949914066,9.15694951931194e-05
281,0.000179006011864057,9.06957553447395e-06,0.00170402211975836,2.80014249719663e-05,0.0232511599022103,0.000189128791266842,0.364114944564359,0.000418242965076118,0.0174028637283675,8.93094153700882e-05
282,0.000179556102399757,8.69326777456128e-06,0.00170994592391878,2.79283709618421e-05,0.0233586903825805,0.000191967814839405,0.366259292465724,0.000457482469943775,0.0174557327639402,8.37205278383078e-05
283,0.000180250859402946,8.41896618037452e-06,0.00171695112298639,2.69593967129962e-05,0.0234557011455176,0.000181655137527006,0.367665019381152,0.000456957129092557,0.0175206771571289,8.12219702728748e-05
284,0.000180907525441893,8.52844117475914e-06,0.00172357028513808,2.75119452702975e-05,0.0235343048146387,0.000185269083910683,0.36916926337155,0.000505299892437957,0.0175846495166357,8.2689882339511e-05
285,0.000181418558617333,8.22523887527754e-06,0.00172869951290344,2.66120561760885e-05,0.0236193845795498,0.000173720823599575,0.370884845495815,0.000482285450099294,0.0176327276235109,8.01072605724832e-05
286,0.000181827308296804,7.4329358312197e-06,0.00173263221352907,2.39475154477795e-05,0.0237112384704516,0.000163523672347905,0.372214644150493,0.000504411816056909,0.0176749137799212,7.28256036082788e-05
287,0.000182209317476523,6.36963717565579e-06,0.00173698097652352,2.07725023463079e-05,0.0237974628929375,0.000156153381362813,0.374048958430196,0.000513899414748584,0.0177103271929588,6.1844608434314e-05
288,0.000182715371018152,6.01352990933878e-06,0.00174242447394412,1.96858429182118e-05,0.0238958137702904,0.000154990456937586,0.37583037514582,0.000518895095222015,0.0177572975519091,5.81195552172954e-05
289,0.000183325159225596,5.68823266648558e-06,0.00174845303648716,1.83563850567685e-05,0.0239661085943387,0.00015293282008589,0.377053334394741,0.00048137057773686,0.0178121548247271,5.56818202200827e-05
290,0.000183943144130795,4.75494913081968e-06,0.0017535553848009,1.60206551693458e-05,0.0240251908997721,0.000147063681041493,0.378645998118395,0.000458602133206152,0.0178717725333941,4.56863262121547e-05
291,0.000184487956609136,4.52091223534064e-06,0.00175909917461365,1.54694896918366e-05,0.0241013645755967,0.000149779919385787,0.379503755664817,0.000457116006166225,0.0179215726002273,4.31260200188295e-05
292,0.000185102156700539,4.32098970497837e-06,0.00176497777889531,1.5402318898497e-05,0.0241961219652482,0.000151709044253619,0.380566620803285,0.000465786924351788,0.0179794958853962,4.04745965690254e-05
293,0.000185713098159445,4.84261746851752e-06,0.00177180378030714,1.73097586105195e-05,0.0242901985773163,0.000162843914832143,0.382249164385054,0.000437008737391164,0.0180338313759297,4.50152915545325e-05
294,0.000186386095301193,5.66631124348733e-06,0.00177876736181901,2.05026833168307e-05,0.024408796886904,0.000174451100300513,0.384042310481212,0.000471264817242736,0.0180977895426486,5.22791481529778e-05
295,0.000186994062207052,5.95925780258245e-06,0.0017843329343954,2.12050134487228e-05,0.0245127739999597,0.00017760590650267,0.385011425020117,0.000503690782227115,0.0181601353467281,5.54102284861366e-05
296,0.000187505922667582,5.83252622649859e-06,0.00178969596102916,2.03522286427153e-05,0.0245973028420889,0.000173517025451729,0.386451486495725,0.000500609965778213,0.0182122353646411,5.48665872841656e-05
297,0.000188339859064288,5.73495427340015e-06,0.00179764316171176,2.00977166562418e-05,0.0246856319508401,0.000175325004159376,0.388309428588708,0.000491664772613086,0.0182917811380782,5.35474983355225e-05
298,0.000189207216810029,5.16570397651737e-06,0.00180548312869695,1.87398268200456e-05,0.0247828404093817,0.000175007370128983,0.389585488034096,0.000500519936978739,0.0183762690834297,4.75499525121407e-05
299,0.00019006733867251,4.3365304205978e-06,0.00181237918943344,1.66269288229315e-05,0.0248794310682684,0.000175932683183074,0.390902999130123,0.000478346969878931,0.0184646778921332,3.88999479745216e-05
300,0.000190573266361499,4.23683044165871e-06,0.00181640910754505,1.66788905014957e-05,0.0249870862253085,0.000184228948370408,0.39266393833088,0.000468541944790526,0.0185179297535682,3.74244755897632e-05
301,0.000190988164235403,4.064593562499e-06,0.00181965260974497,1.63763267368136e-05,0.0250484131163499,0.000188226634130574,0.394002387907575,0.000467559797378946,0.0185647270400503,3.58022472892802e-05
302,0.00019142232436897,3.89593913184943e-06,0.00182374163609214,1.61360313595304e-05,0.0250969567053669,0.000184251283220809,0.395297907231412,0.000487472301370937,0.0186101478485884,3.37794606166839e-05
303,0.000191938701130536,4.01805601851692e-06,0.00182830627517376,1.62846625716065e-05,0.025179454848246,0.000182526669762868,0.396862492429614,0.000449632012180994,0.0186647882211426,3.49816851664984e-05
304,0.000192518474962545,4.37569600369443e-06,0.00183347469363106,1.79271627270985e-05,0.0252751140001795,0.000191198049446385,0.397889090467987,0.000490411687987589,0.0187250364183729,3.77898290595823e-05
305,0.000193221429694128,5.4937599359204e-06,0.00184033419212324,2.14108079903072e-05,0.0253516715841355,0.000201539898052467,0.399069446689885,0.000532126920009262,0.0187922150708033,4.78788140661259e-05
306,0.000193815390817282,5.54660262720397e-06,0.00184686146915546,2.11978540018457e-05,0.0254428840220314,0.00020230877630902,0.399933262027174,0.000518365552220729,0.0188457690910778,4.88581282699348e-05
307,0.000194661647817526,5.35295571042527e-06,0.00185450807901297,2.05131163756362e-05,0.0255079621100418,0.000195728403916533,0.400806101520308,0.000494806375045207,0.0189255757366693,4.6692224793211e-05
308,0.000195264753958454,4.94230526341745e-06,0.00185974404440934,1.96340021638234e-05,0.0255689292563476,0.000188045241343537,0.402300285860088,0.000457410346663175,0.0189849012660943,4.15653763593358e-05
309,0.000195794363906389,4.67842573256283e-06,0.00186553666082087,1.91560573002426e-05,0.0256556924408437,0.000182952863786692,0.404095708077401,0.000409639772800297,0.0190345635149294,3.89230070561742e-05
310,0.000196633674735924,4.84042565976971e-06,0.0018742235991693,1.98203831912018e-05,0.0257456883203856,0.000187310451060066,0.406279469526623,0.000369517701335543,0.0191088559315486,4.02570041411135e-05
311,0.0001973681386943,5.56913944208693e-06,0.00188127984066346,2.14940267538902e-05,0.0258452590231932,0.000188029892876873,0.407899509288246,0.00040006686789504,0.0191808992969787,4.83490466913415e-05
312,0.000198030248046602,6.20072595880317e-06,0.00188638874550451,2.38777768101229e-05,0.0259139174211992,0.000196054499008964,0.409528939984086,0.000405020708103193,0.019250895735534,5.40729908955579e-05
313,0.000198507369833502,6.94123122086854e-06,0.00188974806285906,2.62636298523633e-05,0.0259806713381978,0.000207447124831286,0.411589241468771,0.000440491345842884,0.0193051589727776,6.08959141889664e-05
314,0.000199015531410509,6.86135356984987e-06,0.00189437826888723,2.56353270123138e-05,0.0260532706954028,0.000209829548229714,0.413438628550458,0.0004613550678701,0.0193562044514143,6.08549612295152e-05
315,0.000199537471329179,6.15897709509984e-06,0.00189926916110479,2.44267056470385e-05,0.0261321754281842,0.000215852121121424,0.414832638889019,0.000520996787151473,0.0194082489547281,5.32463252261845e-05
316,0.000200138081558726,6.33557533989949e-06,0.00190467047942998,2.56362836529385e-05,0.0261967915433275,0.000228480289023586,0.416036638084896,0.0005910223212363,0.0194658051675059,5.44475854449565e-05
317,0.000200679132992885,6.35346456804281e-06,0.00190979243793701,2.55377161089912e-05,0.0262816697184699,0.00022849666067317,0.417441470602384,0.000629597335230586,0.0195200203977779,5.52648117474103e-05
318,0.000201331340270502,6.98545011423354e-06,0.00191575312646563,2.69784516292831e-05,0.0263562403816396,0.000234464565521065,0.418877934758038,0.000662750204098852,0.0195870127030944,6.21183172171125e-05
319,0.000201854898183988,7.71710706672995e-06,0.00192113913269412,2.89802768086706e-05,0.0264376874760897,0.000246994229817129,0.419631068929407,0.000684990108255127,0.0196364480438235,6.98224091253207e-05
320,0.000202420267492969,8.45699797729967e-06,0.0019266225022084,3.13358981470774e-05,0.0265324284279803,0.00025961190570369,0.420522228667871,0.000718297792312456,0.0196933405336181,7.7356587911475e-05
321,0.00020306385774099,8.9471451861902e-06,0.00193236313094083,3.25905101989431e-05,0.0266237897547419,0.000268233481555373,0.422105672812892,0.000734809824816327,0.0197569613610832,8.40835116960511e-05
322,0.000203913818122469,8.746049386039e-06,0.00194032750646886,3.19823108863534e-05,0.0267107585625739,0.000268376599067978,0.423561772107501,0.000763184327052664,0.0198424707774299,8.21036734544551e-05
323,0.000204849324963316,8.89040071637899e-06,0.00194910703499055,3.27835160872408e-05,0.0267883911985832,0.000269086217133017,0.424884488302667,0.000708601588461888,0.0199341454389083,8.27774004698806e-05
324,0.000205582456548755,9.53169348736765e-06,0.00195525709475439,3.42173285190959e-05,0.0268663702225311,0.000267635975499213,0.426587309438208,0.00071710044146971,0.0200096662292104,8.97714298924293e-05
325,0.000206459770409691,1.00941040991877e-05,0.00196251635830352,3.58781687211736e-05,0.0269543398798511,0.000275131951043585,0.428110752983172,0.000707521224617584,0.0201011601057794,9.5428890636672e-05
326,0.000207008601871861,8.95652989694933e-06,0.00196822353367802,3.24547261133732e-05,0.0270255261788731,0.000264147649504004,0.429743704323024,0.000677118150196474,0.0201553075721147,8.40796376456223e-05
327,0.000207730445896055,9.67776580458588e-06,0.00197451188993815,3.50247903456532e-05,0.0271078575810242,0.00027244851662497,0.431136453515643,0.000653656121049219,0.0202266309290862,9.05844239149305e-05
328,0.000208373104666782,1.02028264516325e-05,0.00198022806440253,3.59817551047458e-05,0.0271825234099774,0.000274926134456836,0.432485128861733,0.000654208525537923,0.0202904829044468,9.60004586115442e-05
329,0.000209034960874918,1.08560676920209e-05,0.00198634063079067,3.72261825187026e-05,0.0272591247086299,0.000279235280430004,0.433553672511729,0.000652213011731442,0.0203549206440299,0.000103814502798786
330,0.000209625286259003,1.14809285216512e-05,0.00199243717422772,3.84714726825014e-05,0.0273536018837091,0.000276774011155689,0.435244602056491,0.000656605000787361,0.0204110498552157,0.000111719061865905
331,0.000209965690649941,1.09746317869887e-05,0.00199656309212757,3.67608612094266e-05,0.0274564656652126,0.000270184702323207,0.436661542220034,0.000664306315893903,0.0204417306557286,0.00010706162358905
332,0.0002104541767077,1.00972201004951e-05,0.00200125253951404,3.39020066175136e-05,0.0275413314011484,0.000272775363546613,0.43871595478395,0.00068565298288997,0.0204894526312162,9.92664507078292e-05
333,0.000210984861951238,9.75617529213543e-06,0.00200689233372289,3.31447351550186e-05,0.0276276630306834,0.000272912392227924,0.440492967614569,0.000654087804693112,0.0205397827084801,9.52692019626678e-05
334,0.000211590344657917,9.64140960061446e-06,0.00201287127600584,3.2736126883057e-05,0.0276905684265821,0.000270253994681794,0.442334674816285,0.00064509361272332,0.0205982283876762,9.43277248204653e-05
335,0.000212088860855817,9.90013364783069e-06,0.00201765093925939,3.38952037921308e-05,0.0277535540793534,0.000274958409037823,0.443336527943707,0.000699970266222634,0.0206480863889896,9.65053966286536e-05
336,0.000212813844443343,9.60719616923851e-06,0.00202477254294424,3.28101532947104e-05,0.0278239231451386,0.000269462577139935,0.444516222071223,0.000685571906477995,0.0207178171821543,9.35849846169697e-05
337,0.000213331676859663,9.19030674036767e-06,0.00203092725682763,3.02912017984267e-05,0.0279350422509052,0.000253674189934807,0.445750975844508,0.000685357951399447,0.0207654342389508,9.09816425014341e-05
338,0.000213813376844721,8.59118760869094e-06,0.00203712406603761,2.79439083434989e-05,0.0280327395201867,0.000246515422737581,0.446522882791836,0.000716464373063175,0.0208082677324014,8.51150577084331e-05
339,0.000214201430449066,8.85126839839599e-06,0.00204222801244852,2.94680556378098e-05,0.0281291094876839,0.00025745683322026,0.448019381084747,0.000708209166050105,0.0208440564012777,8.62910557886452e-05
340,0.000214790415456984,9.39261931945966e-06,0.00204951889372242,3.15592072986458e-05,0.028240605801972,0.000261436206705509,0.449264915183996,0.0006493002111297,0.0208990468257681,9.0892807437803e-05
341,0.000215323484802937,9.81748813859169e-06,0.00205656889544889,3.31735202797472e-05,0.0283469355697325,0.000264452787645382,0.450499119976721,0.000571063794622476,0.0209459074123302,9.45284002756664e-05
342,0.000215952300773691,1.05871427407958e-05,0.00206305661558521,3.54655735096825e-05,0.0284524368387865,0.000270953996980402,0.451521610820276,0.000543201069832617,0.0210038348405536,0.000101835111794529
343,0.000216556986892393,1.12199709914548e-05,0.00206880648329381,3.74299936752067e-05,0.0285412002200409,0.000278089709930392,0.452989575700859,0.00056505910734624,0.0210632619676797,0.000107956741467343
344,0.000217147644559975,1.16786647221935e-05,0.00207563638191086,3.83549525130059e-05,0.0286155807072566,0.000274150970204418,0.454600461839767,0.000582178310265514,0.0211158781116896,0.000112622505564965
345,0.000217769372381408,1.2046863618203e-05,0.00208271746525763,3.9280904494842e-05,0.0286651452936926,0.000269013216224117,0.456246694860267,0.000549196619771408,0.0211735058744558,0.00011651939541876
346,0.00021850901012531,1.17730214124622e-05,0.0020898888429493,3.8584038287957e-05,0.0287361503649436,0.000254891287925715,0.457942291070202,0.000520632235181155,0.02124260963825,0.000114350215105489
347,0.000219025167518104,1.19037456183874e-05,0.00209567545915874,3.91459732499362e-05,0.0288214984745974,0.00025221488897525,0.459003574483619,0.000504095541172486,0.0212901286247085,0.000115279715918242
348,0.000219679142856404,1.33661487083425e-05,0.00210174197524186,4.41611552509736e-05,0.0289005802259024,0.000267381662811128,0.46044217259448,0.000541565151931779,0.0213560668881758,0.000128375144332063
349,0.000220255160354958,1.40826199432184e-05,0.0021075868255192,4.66894034620414e-05,0.028991000078819,0.000267419730234451,0.462403147709401,0.000566285064270365,0.0214139402820712,0.000134737796399956
350,0.000220822767348647,1.4223036950069e-05,0.00211284347009934,4.70761933400076e-05,0.0290950197832998,0.000272691852989375,0.464581500724933,0.000555032503868785,0.0214696626987882,0.000135881281001129
351,0.000221529321406462,1.45766544030212e-05,0.00211901714223421,4.79103148653266e-05,0.0291769006914827,0.000278830026587156,0.465974293291747,0.000585434962627027,0.0215372924505024,0.000139163123676907
352,0.000222034271280593,1.44146481045987e-05,0.00212417828459863,4.7468089725621e-05,0.0292659436767752,0.000281364714763848,0.46747177813143,0.0005942096530904,0.02158702698924,0.000137450508215693
353,0.000222538070668221,1.49903636228209e-05,0.00212912272613317,4.90052360368148e-05,0.0293612197357782,0.000284724778283556,0.469186104797577,0.000565122045774525,0.0216383764071363,0.000143059743014875
354,0.000223262409479383,1.56663211771341e-05,0.00213671802417153,5.11488219535936e-05,0.0294321951089096,0.000291683541074937,0.470287862255883,0.000555536346860109,0.0217049671830514,0.000149343844847162
355,0.000223858309966699,1.54659903889558e-05,0.00214298269795333,5.02847825270871e-05,0.0294872545782787,0.000294096696016096,0.471375566329997,0.000576083575122105,0.0217626940025971,0.000147882857246507
356,0.000224289605698563,1.54628540710728e-05,0.00214837791539236,4.9838960116876e-05,0.0295820657000753,0.000287046887528987,0.472427525053308,0.000588895139380161,0.0218007270185384,0.000148529270033892
357,0.000224897585719874,1.55712402383525e-05,0.00215515330251332,5.04538245788293e-05,0.0296880371106197,0.000287458353318343,0.473913395504438,0.000595338561552901,0.02185566522414,0.000149170549097716
358,0.000225547504010335,1.50849069957367e-05,0.00216184411475468,4.95546165472135e-05,0.0297492851013046,0.00028805130005863,0.475557846798202,0.000556575703895954,0.0219197089091382,0.000144025215153111
359,0.000226271003331801,1.48945430628293e-05,0.00216907516049565,4.91921287283271e-05,0.029861213605999,0.000284194002970346,0.47744839912891,0.000585572773911179,0.0219902782719415,0.000142046145386273
360,0.000226973584097983,1.40709557943394e-05,0.00217651990239754,4.67051310202571e-05,0.0300119687420179,0.000272388574293773,0.478548393917412,0.000554319461451409,0.0220521319846769,0.000133993401214573
361,0.000227761621069115,1.298252884192e-05,0.00218489690994876,4.35688801572136e-05,0.0301288923648853,0.000262298263046737,0.480129166420124,0.000591976894564015,0.0221242763054526,0.000122947705614536
362,0.000228515428974815,1.15814452215122e-05,0.00219263113815528,4.02954709726219e-05,0.0302209659275089,0.000260847556626023,0.482055829321361,0.00055864650999442,0.0221936895828576,0.000108516695094175
363,0.00022935641539522,1.11580598478547e-05,0.00219904550364227,4.00033388922413e-05,0.0302707568852925,0.000267671494051474,0.483937329155437,0.000585820097553923,0.0222814206429193,0.000103066113029532
364,0.000230114248088143,1.09334362909415e-05,0.0022060516760171,3.92057423619577e-05,0.0303534362347868,0.00026607174590451,0.485814658592342,0.000582314088563538,0.0223526400211271,0.000101590353233351
365,0.000230762784185588,1.07534517836421e-05,0.00221183499606988,3.90060829024329e-05,0.0304293277730844,0.000264652149511542,0.488060727052478,0.000563252763783341,0.0224175009408072,9.87005119256807e-05
366,0.00023129500141594,1.05304430204859e-05,0.00221672146116286,3.84154752360495e-05,0.0305113056159215,0.000258501698211886,0.489540219703219,0.000513524999852077,0.0224693504808359,9.57282242046127e-05
367,0.000231935912600894,1.07501418702151e-05,0.00222308266852751,3.8720209778046e-05,0.0305849697318149,0.000256439258354093,0.490428505779715,0.000501963629322219,0.0225285920252159,9.79149622362452e-05
368,0.000232791444000361,1.03507829166612e-05,0.00222907311907906,3.75642297461479e-05,0.0306619578970672,0.000249904921591772,0.491666853724355,0.000473445032845724,0.0226189170879733,9.35390826295361e-05
369,0.000233579949218641,1.03698446148961e-05,0.00223587868069547,3.76572777411678e-05,0.0307655022185146,0.000249103033999214,0.49303228299252,0.000482494765036359,0.0227005175199306,9.34676500760622e-05
370,0.000234369424718288,1.0893999498774e-05,0.00224280059175619,3.88325669746285e-05,0.0308219585269058,0.000251952769446432,0.494240077198337,0.000538373753826057,0.0227805186526048,9.85229861251187e-05
371,0.000235095029100086,1.12072414822401e-05,0.00224906043944717,3.9818718655789e-05,0.0308896539889614,0.000253426973644847,0.494993922258753,0.000551771199947058,0.0228548919984007,0.000101604462559109
372,0.000235884288328703,1.13826036835249e-05,0.00225552133938377,4.05538490765001e-05,0.0309834440225268,0.000251642240702,0.496023158322208,0.000480891310031062,0.0229331763435641,0.000102822308931984
373,0.000236319879946697,1.15948653332377e-05,0.00225947295235837,4.16943326752437e-05,0.0310704576986578,0.000257603556120971,0.497067936875438,0.000427074979079225,0.0229795855376537,0.000103728322992444
374,0.00023678352206913,1.18244020775082e-05,0.00226361650743318,4.22301493555783e-05,0.0311749863127365,0.000260992046881602,0.497953230047834,0.000417304508186809,0.0230280044257555,0.000105352399009057
375,0.000237467593496536,1.19029932730622e-05,0.00227002794233647,4.18763652666315e-05,0.031279577051964,0.000256347556173349,0.499237186227351,0.000430771842315717,0.0230953579887435,0.000106303890420857
376,0.000238153399497974,1.16461482036342e-05,0.00227612203436888,4.02107790305301e-05,0.0313456424337128,0.000252076148665525,0.500331774194688,0.000447103620302169,0.0231603347085872,0.000105248885771071
377,0.000238729546197751,1.0365345797999e-05,0.00228070827998402,3.58683218017967e-05,0.0314244800783282,0.000239576635074835,0.501299175578672,0.000412164442131251,0.023216969716902,9.36157023387543e-05
378,0.000239422135291959,8.65931971697905e-06,0.00228653477527299,3.05008475929007e-05,0.0315120223526869,0.000222324099188055,0.502304477549629,0.000343555702697171,0.023285476560167,7.70292947418136e-05
379,0.000240105467552037,6.79843028788309e-06,0.00229232181318975,2.42221787667202e-05,0.0316043532785505,0.000202357974264695,0.504030572057936,0.000315442852785101,0.0233559373710115,5.92411784362717e-05
380,0.000240489778381965,4.90074056487245e-06,0.00229640901935836,1.82865093734102e-05,0.0316786636781563,0.000186886159742243,0.505363799000137,0.000262076813178388,0.023395198893433,4.16618537191357e-05
381,0.000241165865012221,3.48640399206514e-06,0.00230324568729563,1.37046782930593e-05,0.0317430611033004,0.000171080556358254,0.505686472379344,0.000206973555279788,0.0234556949625839,2.87016791645883e-05
382,0.000241985185813126,2.55760749310641e-06,0.0023119610326938,1.12620150652084e-05,0.0318287028152615,0.000161944339480932,0.507039291346704,0.000218789184114814,0.0235290698230649,1.89865536662066e-05
383,0.000242827090846623,2.09967345750013e-06,0.0023209447824628,9.93397293264412e-06,0.0319289771154559,0.000155059396059807,0.508802929489886,0.000170309053827178,0.023604813713443,1.44044214736253e-05
384,0.000243581765154578,2.1953262177081e-06,0.00232823780154602,1.03170498498071e-05,0.0320258186701939,0.000157668219697067,0.510638848464813,0.000138724885542552,0.0236771731506249,1.52896544564574e-05
385,0.000244229349525411,2.98701785045464e-06,0.0023345640344152,1.28926349780813e-05,0.0321188755121367,0.000173599203446337,0.51125979229562,0.00014320666374253,0.0237416033165355,2.2937880557445e-05
386,0.000244691434650991,2.88687784084373e-06,0.00233989604599689,1.25912934003464e-05,0.0322009874719535,0.000179231975305557,0.512950772370241,0.000100294633257855,0.0237868995831534,2.17298902719249e-05
387,0.000245321387652763,3.50105559800871e-06,0.00234620784001266,1.44252625235992e-05,0.0322874464851561,0.000191134173832615,0.514922259750328,9.54475778499706e-05,0.0238485454518247,2.78025929305124e-05
388,0.000245890094603701,4.11404397981632e-06,0.00235159698063896,1.67016897157959e-05,0.032378934206811,0.000200895293627532,0.516715959701832,2.15245858049662e-05,0.0239041042004059,3.28588568722795e-05
389,0.000246334581574366,4.03076670445014e-06,0.0023560722574649,1.68814112099981e-05,0.0324370447658246,0.000203818720402534,0.518124011693974,3.94276033192309e-05,0.0239509972637449,3.06987311418806e-05
390,0.000246898805887127,4.4302265596911e-06,0.00236096515772983,1.8481896675747e-05,0.0325068554139182,0.000206154839107156,0.519619245168952,5.23075605524198e-05,0.0240073475248224,3.38558951867132e-05
391,0.000247533025901895,4.32385758691856e-06,0.00236723286121852,1.80603940341319e-05,0.0325653231397376,0.000202365465764752,0.521408276401121,0.000109813304555553,0.0240689310881798,3.22260132952348e-05
392,0.000248163176824022,4.26686030817833e-06,0.00237302367718987,1.75069515558839e-05,0.0326469974829367,0.000196044483646412,0.523206913413668,0.000160252261513049,0.0241287409970365,3.18214251532513e-05
393,0.00024868471619536,4.2674450601861e-06,0.00237909015625253,1.79488522261835e-05,0.0327543719239311,0.00019670842786207,0.525152138182648,0.000135378039745805,0.0241788299237011,3.10563784256761e-05
394,0.000249290286769592,3.87652718736776e-06,0.00238584941719083,1.7047054351653e-05,0.0328451169042397,0.000192281897682077,0.526476078583125,0.000162723644256112,0.024232558194824,2.65237688525551e-05
395,0.000250034058459839,3.22114503354197e-06,0.00239369102833305,1.53865611847517e-05,0.0329544218815987,0.000187748003220484,0.527724426338991,0.000180372747364977,0.0243002306379609,1.97313275532423e-05
396,0.000250802532072537,3.30326203376761e-06,0.00240106637030365,1.56324680053723e-05,0.0330607886056705,0.000185982532847965,0.528871611378263,0.00014964266046804,0.0243700428590692,2.00241329043183e-05
397,0.000251385497745902,4.04518165822428e-06,0.00240627295549483,1.79382331551981e-05,0.0331397179096487,0.000191167548209135,0.530087384472827,8.13892525605348e-05,0.0244259168664123,2.65568401217003e-05
398,0.000251946325444665,4.10878371884507e-06,0.00241264653584958,1.863253031005e-05,0.0332277220566605,0.000197736988951867,0.531042708675465,7.03306386720138e-05,0.0244772512326121,2.60071486357436e-05
399,0.000252627121848944,4.08684642861163e-06,0.00241859206348643,1.86106388216929e-05,0.0332954488851907,0.00019534587626001,0.532632688696921,9.07597666293585e-05,0.0245421999869034,2.53773895607363e-05
400,0.000253367327179902,3.78601756365658e-06,0.00242446666694254,1.68109115598143e-05,0.0333762202039425,0.000187012033943477,0.534293000108666,5.43678366310357e-05,0.0246166207416704,2.34209341373101e-05
401,0.000254014431870285,4.19267544128152e-06,0.00243079284785005,1.82131539170367e-05,0.0334727506540901,0.000191302136398426,0.53580158380618,0.000113456410160946,0.0246797662109522,2.70910352038722e-05
402,0.000254707002812807,4.48557151602201e-06,0.00243833947788973,1.90424278885864e-05,0.0335444157460591,0.000205080364452005,0.536595588740105,0.000170365569530517,0.0247424020213498,3.02271942069918e-05
403,0.000255442382366049,4.10421329031888e-06,0.00244484100572085,1.80522631783785e-05,0.0336223542811471,0.000212661170808465,0.537552320561447,0.000225004609217481,0.0248137548167744,2.53477236059113e-05
404,0.000256245696632447,3.56178633936653e-06,0.00245221387269914,1.62211588496565e-05,0.0337020963604725,0.000209380002749996,0.538872531583197,0.000224031109279121,0.0248940746927563,2.06017406440153e-05
405,0.000256867530635337,4.09313520653349e-06,0.00245759080094101,1.7141445719923e-05,0.033759273397805,0.000208315416855925,0.539921570317865,0.000217509539651334,0.0249635399869446,2.72647527238833e-05
406,0.000257553912966172,4.65314984276298e-06,0.00246407691337944,1.86040413453631e-05,0.033842409295547,0.000208543812710485,0.541064476434478,0.000228081779208148,0.0250356876294539,3.35779828364171e-05
407,0.000258249720217899,4.55828404449111e-06,0.00247081117828052,1.83422029902608e-05,0.0339577019604296,0.000212731198592544,0.542842252554415,0.000234419155224344,0.0251078712488335,3.27106973545979e-05
408,0.000258953347782656,5.38829126440251e-06,0.00247813839520871,2.06131572082501e-05,0.0340619892142259,0.000216116503085551,0.544800148147193,0.000256308579497617,0.0251694063690369,4.10015110587603e-05
409,0.000259477117558022,6.03464056552104e-06,0.00248440286075977,2.3063170363847e-05,0.0342021397538785,0.000219670027234779,0.546239106941589,0.000272126245710017,0.0252188436346523,4.67322968825769e-05
410,0.000260212549342911,6.40674420728993e-06,0.00249155949224546,2.46556390932345e-05,0.0342988924867188,0.000231407513586302,0.547843181642694,0.000333497123470278,0.0252897793098789,5.00817803439501e-05
411,0.000260993850222485,7.20924028075185e-06,0.00249880023544215,2.7453654209494e-05,0.0344087789384676,0.000243549626900926,0.550183122052018,0.000324746385020035,0.0253647247137464,5.72626726381879e-05
412,0.000261594260071838,7.52624249690266e-06,0.00250417498590994,2.80434940631261e-05,0.0345002390786816,0.000237725414840488,0.551803348445777,0.00031479625570918,0.0254250804452679,6.11117567095452e-05
413,0.000262209529717087,7.24452552368454e-06,0.00251021690708905,2.70609562324375e-05,0.0345989149817001,0.000232303622012979,0.553230451934137,0.000320074850070654,0.0254835381503763,5.81559706935424e-05
414,0.000262899654203056,7.63960343134722e-06,0.00251660453023712,2.842804439735e-05,0.0346735550133259,0.000240441032763309,0.55458206109862,0.000308838566017609,0.0255533823417891,6.16201453552107e-05
415,0.00026364644909458,7.66338344142085e-06,0.00252354636209372,2.85214192952701e-05,0.0347865466569584,0.000243683613830519,0.556021579022443,0.000322346574781119,0.0256289465522819,6.10672451879773e-05
416,0.000264456937320813,7.52716657780474e-06,0.00253190730069202,2.86710232179245e-05,0.0349030381838906,0.000248641332560476,0.557349738184846,0.000301385892782519,0.0257088067028576,5.84792793418538e-05
417,0.000265407521606465,7.45779181470644e-06,0.00253945506048168,2.83693962468747e-05,0.0349908722392929,0.000254089481346939,0.559064680047089,0.000333722973123773,0.0258085787427968,5.76981380758612e-05
418,0.000266221978561,7.035592803878e-06,0.00254385607442076,2.68244379322635e-05,0.0350330785445373,0.0002637718505943,0.560853357102089,0.000385177125632673,0.0258971346410908,5.31835295788683e-05
419,0.00026703654573655,8.08950828536294e-06,0.00255114415266087,3.05043669367744e-05,0.0350837630693328,0.000287490540742498,0.562556734814394,0.000369032355661868,0.0259737906204367,6.33005971650982e-05
420,0.000267617053320166,8.5616459667466e-06,0.00255779250433809,3.28279798824977e-05,0.03517118598777,0.000305801297906244,0.563935993935309,0.00032655173890204,0.0260243415038254,6.6903160466398e-05
421,0.000268376777398858,8.55771139561175e-06,0.0025641333201604,3.29644805546459e-05,0.0352459496174579,0.000313966677812594,0.565685630838595,0.00031046864122371,0.0260934920771735,6.63620918474089e-05
422,0.00026925731042219,7.88581963162867e-06,0.00257107762220424,3.12307739079762e-05,0.0353548766429548,0.000319715883247278,0.566803910074564,0.000317185730529183,0.0261790219970517,5.9749127724208e-05
423,0.000270018151036871,8.01388017941149e-06,0.00257836965433953,3.21255348602212e-05,0.03545967584069,0.000326135198214618,0.567632038166643,0.000314883781029112,0.0262521926819844,6.01659992167923e-05
424,0.000270810084165999,7.5355035685314e-06,0.0025863337449825,3.18924667395164e-05,0.0355438671247527,0.000330945323501938,0.568733273450164,0.000348160275707104,0.0263252626141178,5.31656892459827e-05
425,0.00027151365739381,6.54280565505706e-06,0.00259364348844743,2.91683124331135e-05,0.035632542487333,0.000318455668198291,0.569987334014708,0.000368139603414747,0.0263873342019316,4.32973337044481e-05
426,0.000272185063814536,6.5465600267985e-06,0.00260016524840962,2.91426143916495e-05,0.035721913336429,0.000315573757869841,0.570959511581154,0.000406520172856482,0.026449509298999,4.31911230883128e-05
427,0.000272909410900653,6.05267418614957e-06,0.00260711243076215,2.77989736831333e-05,0.035803698933075,0.000314486907442706,0.572165767860657,0.000383790874878082,0.0265177628488304,3.86090199034628e-05
428,0.000273740228060671,5.70221920048338e-06,0.00261431909214794,2.7593290033363e-05,0.0358735863714421,0.000316232510527967,0.573676317599181,0.000349829294874098,0.0265989684491653,3.4151540031274e-05
429,0.000274336356231279,5.99498238578598e-06,0.00261961239866807,2.8314175027928e-05,0.035967012806116,0.000320634288832431,0.575020623576403,0.000313492962360943,0.0266622470310889,3.70660117481005e-05
430,0.000274847172318912,5.730673573254e-06,0.00262466221886487,2.69584057820219e-05,0.0360802220745652,0.000326243656736992,0.576422580562567,0.000329647354983576,0.0267114114456847,3.58222626393843e-05
431,0.000275262850886404,6.67454814942255e-06,0.00262920423763715,2.89953611866262e-05,0.036150296795723,0.000333125089879234,0.578260944816086,0.000317082627499249,0.026752658753381,4.62480537407154e-05
432,0.000275618374396272,7.10770420337328e-06,0.00263322510041112,3.04006927911491e-05,0.0362330503684701,0.000341846071294383,0.579971465691517,0.000311515209372785,0.0267897863713949,5.00457827433909e-05
433,0.000276180175041644,6.84211412965401e-06,0.00263838336944844,2.94286742431978e-05,0.0363488387465046,0.00034201914756165,0.581220796195081,0.00030606702066125,0.0268464342492726,4.77796050177158e-05
434,0.000276690769769349,6.46827351078068e-06,0.00264389660856074,2.77674095857147e-05,0.0364638666653321,0.000338959201407749,0.58223769133527,0.000299942091411325,0.0268933079580455,4.53431542071676e-05
435,0.000277446484443873,6.34738894610339e-06,0.00265127084624862,2.70634328644877e-05,0.0365912581908887,0.000344115848500493,0.583420807827621,0.000226001783462138,0.0269640347990242,4.5070648721763e-05
436,0.000278134236506734,6.92816653258478e-06,0.00265739402770846,2.92875889359804e-05,0.036700221445335,0.000356370157862586,0.585364075248368,0.000145399816377555,0.0270320467370039,5.07821156900402e-05
437,0.000278614498852319,6.9242540045797e-06,0.00266186906557965,2.89788323125348e-05,0.0367921234774524,0.000351308626536709,0.586240972469015,9.86738056048244e-05,0.027080330269957,5.14658678963719e-05
438,0.000279025040581703,6.42669147906174e-06,0.00266685956323097,2.68291907782588e-05,0.0368970836390503,0.000343277923174517,0.58761366703234,9.41477313884846e-05,0.0271172226480343,4.77474759199328e-05
439,0.000279632195862269,4.78884048016692e-06,0.00267408016363086,2.14140887795264e-05,0.0370045078904396,0.000327441896298308,0.588794449065036,4.30342591008935e-05,0.0271666999561469,3.27101618414691e-05
440,0.000280388553900654,3.98030336646941e-06,0.00268197078343869,1.88245810247356e-05,0.0370807090717107,0.000321890984545048,0.59005082659357,2.99114239040382e-05,0.0272377846763326,2.52408501859117e-05
441,0.000280872739029838,5.35250510728018e-06,0.00268728711694886,2.28487439556944e-05,0.0371735431684069,0.00033199657711934,0.591788107175411,4.67415970156569e-05,0.0272824610491094,3.86266895444051e-05
442,0.000281420682151186,6.05948061623515e-06,0.0026930964177241,2.55228891974743e-05,0.0372568667164758,0.000338143561215126,0.593516646536874,4.16021297949916e-05,0.0273327760805902,4.44211087906119e-05
443,0.00028190040084551,6.45451649371273e-06,0.00269869985951616,2.7109735780647e-05,0.0373539678527072,0.000343081813645735,0.595331742397311,7.40878161953086e-05,0.0273767798425623,4.72872060404797e-05
444,0.000282374195941834,6.18924611017584e-06,0.00270379211592794,2.7442124125227e-05,0.0374396340767229,0.00034840633005772,0.596801973345919,7.24608872555592e-05,0.0274262045694533,4.29860443878675e-05
445,0.000283066695652888,5.6639852203817e-06,0.00270976013218181,2.63421003452072e-05,0.0375027899408151,0.000344169027445481,0.597972616878542,6.251491066406e-05,0.0275008650970748,3.64677972771784e-05
446,0.000283753614108596,4.64401094893835e-06,0.00271617992248759,2.35298897564621e-05,0.0376010751450713,0.000332502972654748,0.599135909539678,3.74262704498744e-05,0.0275686095242098,2.56472311341399e-05
447,0.000284274807697849,4.23539956905029e-06,0.00272179575457524,2.2367968432041e-05,0.037692085544621,0.00033109377876182,0.60052351467032,3.52653282126486e-07,0.0276129551573666,2.10238541468871e-05
448,0.000284947841818509,3.78186677935078e-06,0.00272742870377364,2.1215950688495e-05,0.0377677949595791,0.000332259601705253,0.602290481840544,-4.79606389717558e-05,0.02768153182889,1.62147079300141e-05
449,0.000285610151435205,2.68815241810469e-06,0.00273343681993396,1.84223114202104e-05,0.0378633063639641,0.000321735701981142,0.603780318453208,-4.48472177685417e-05,0.0277497094689216,4.41306079901458e-06
450,0.000286293230270234,2.12766324748168e-06,0.00274066087524208,1.68995261345064e-05,0.0379731993829663,0.000312818663438202,0.605634156094497,-3.91971025938661e-05,0.0278151600472927,-1.72232340108322e-06
451,0.000286981319961776,1.46309079571717e-06,0.00274637441948851,1.49647463959326e-05,0.0380637914875578,0.000300241817967024,0.607041453681084,-1.43178311185003e-06,0.0278874202381571,-9.12528837841718e-06
452,0.000287646839522586,1.26084134112715e-06,0.0027525270611182,1.52045759746626e-05,0.0381459730988711,0.000297650905308242,0.607738293245144,2.62831521340634e-05,0.0279534680171735,-1.27231311014589e-05
453,0.000288185112267874,1.32786078301506e-06,0.00275681879782777,1.5695580105385e-05,0.0381995627061568,0.000296049176147918,0.608823308311754,6.25694286990746e-05,0.0280138029070582,-1.35419645558343e-05
454,0.000288944163187188,8.89522821636716e-07,0.00276392959782812,1.38749648117517e-05,0.0382733163273807,0.000285600077814292,0.610114241962575,4.94943396294375e-05,0.0280885146938203,-1.69564187433537e-05
455,0.000289664944579433,8.41622313240526e-07,0.00277122659575748,1.29441599048877e-05,0.0383610994056706,0.000274748845071239,0.611812787475325,5.36915618243829e-05,0.0281589729095937,-1.5652710317555e-05
456,0.000290465352588488,1.49737332951496e-07,0.00277774023499213,1.06549532455345e-05,0.03845567602073,0.000265173652458374,0.61309257882912,8.10536845370612e-05,0.0282426781852549,-2.16392021563766e-05
457,0.000291108792322226,-7.21476880819401e-07,0.00278439276625131,8.32559493474124e-06,0.0385477930432747,0.000258196126938752,0.614723619905281,9.92918585354249e-05,0.0283050732128831,-3.02319099349113e-05
458,0.000291653401878133,-1.21107503991484e-06,0.00279036883101774,6.98607016015051e-06,0.0386239852590747,0.000251044882347558,0.616123667093269,0.000147601167470228,0.0283561984622049,-3.51473913120117e-05
459,0.000292334589954732,-1.71386383221042e-06,0.00279825002135888,4.94469353685087e-06,0.0387198944322383,0.000243778311115321,0.617054163402551,0.000163616295112761,0.0284170001317843,-3.97319286982419e-05
460,0.000293077243142245,-2.74197069215572e-06,0.00280553418819598,1.79301780799585e-06,0.0388035716933961,0.000236053515715277,0.617960718675511,7.83421518015794e-05,0.0284908690999094,-4.99967260381669e-05
461,0.000293723252874703,-2.88501611674963e-06,0.00281118291285542,2.12966646344515e-06,0.0388990872540715,0.000243371810649781,0.619433157000966,4.89210605443186e-05,0.0285563568307533,-5.15534386938685e-05
462,0.000294422828307513,-3.85884196201782e-06,0.0028166652825897,-7.64214868003268e-07,0.0389681059563395,0.000235523750968522,0.621149029283212,6.89253846677794e-05,0.0286334209906057,-6.11533793139649e-05
463,0.000295252596799329,-4.60461935304088e-06,0.00282328251484809,-2.83861771989429e-06,0.0390239501181521,0.000236958933640184,0.623059846075713,1.11154105616742e-05,0.0287200562993386,-6.78863817918215e-05
464,0.00029591964281615,-4.51578586433801e-06,0.00283032492911245,-2.73358619972176e-06,0.0390922008596014,0.00024244774157641,0.624617831490987,-2.93312562404147e-05,0.0287842815684688,-6.64339084650532e-05
465,0.000296506514151044,-4.88754697457026e-06,0.00283545805150931,-3.11702246177451e-06,0.0391665856097489,0.000246541395191929,0.625986072025513,-1.04711860456126e-05,0.0288395907882623,-7.11168071840528e-05
466,0.000297225141330439,-5.49055982723557e-06,0.00284253292956324,-5.44684740041696e-06,0.0392389975761755,0.00024635689429475,0.627094019057132,4.71955380219718e-05,0.0289025292709308,-7.64230495790618e-05
467,0.000298012520494305,-5.45606685785886e-06,0.00284975052966439,-5.38707283377017e-06,0.0392997775593322,0.000259646681346266,0.628130393022279,9.35272214183535e-05,0.0289739407792904,-7.57312515005819e-05
468,0.000298747936164357,-4.22594430943579e-06,0.00285600126245374,-1.23210085597551e-06,0.0393999841733941,0.000265149220760382,0.629049625022763,4.45905448675621e-05,0.0290429227647601,-6.43591223081486e-05
469,0.000299260650164568,-4.00918159965542e-06,0.00286037051194697,-7.51568290707211e-07,0.0394865541216056,0.000264979138762581,0.63008099634118,2.64538906468051e-05,0.0290975002918783,-6.17291363364426e-05
470,0.000299844209812211,-5.0996111742199e-06,0.00286609100173228,-4.66850359101499e-06,0.0395823441909976,0.000253682888273148,0.631107337544298,5.72230239819704e-05,0.0291545017523081,-7.15752160717444e-05
471,0.000300256176536532,-6.37031551181764e-06,0.00287044699114636,-7.67589206900337e-06,0.0396747436364806,0.000261908626630984,0.632640435547386,5.6098275619588e-05,0.0291969867460927,-8.49210051772601e-05
472,0.000300931486570155,-7.2803859409564e-06,0.00287696791228331,-1.0403909866364e-05,0.0397851752655995,0.00026186233897922,0.634045998064731,4.47792467126425e-06,0.0292640475698254,-9.35644594365664e-05
473,0.000301449441898741,-6.8954790048846e-06,0.00288223815775992,-8.75023129883949e-06,0.0398923508772681,0.00027007173285577,0.635341111900097,-3.24738344100763e-07,0.0293143807501865,-9.0043278490142e-05
474,0.000301954459212062,-6.42490868668503e-06,0.00288752108930079,-6.93162120645874e-06,0.0399767334186024,0.00028514005601211,0.636811099408478,6.71419287565685e-05,0.029360785076866,-8.5862750414575e-05
475,0.00030261715554368,-6.86017004837839e-06,0.00289336028760873,-7.34758194333906e-06,0.0400737191578043,0.000286231564993794,0.638123535834112,8.86530233451033e-05,0.0294273884306481,-9.06913288991397e-05
476,0.000303315237571137,-6.15180473907017e-06,0.00289889062036544,-5.58543181616784e-06,0.0401635845344507,0.000286703237700861,0.639240398590873,8.38829561897074e-05,0.0294978842933134,-8.2844378150358e-05
477,0.00030393018975557,-5.71505920005173e-06,0.00290490888840447,-4.37402592658217e-06,0.0402589193392778,0.000287861089843704,0.640433876578262,7.61732984425599e-05,0.029558066601509,-7.79636504674833e-05
478,0.000304622496500427,-6.39859702694364e-06,0.00291205515185489,-6.07711200633054e-06,0.0403374812575501,0.000274585994806336,0.640980932955168,6.14829171737111e-05,0.0296242842053216,-8.50394684248886e-05
479,0.000305137602838992,-7.00149407623001e-06,0.00291797934302161,-8.10944260113533e-06,0.0404197151971678,0.00027224762784185,0.642478790894111,0.000109801295305095,0.0296750990779369,-9.1435277863522e-05
480,0.00030568199331695,-7.4476196201029e-06,0.00292285038426327,-9.49929412166844e-06,0.0404862487551239,0.000277597486168189,0.643801275450365,0.00010536667789386,0.0297328140397275,-9.60206631462053e-05
481,0.000306330508633762,-7.80997161255701e-06,0.00292800899364898,-1.04717642477247e-05,0.0405605542498776,0.00027610108315421,0.645426673791381,0.000162393109919522,0.029799039972612,-9.96574493280615e-05
482,0.000307133872540692,-8.2469069445325e-06,0.00293609138863619,-1.21372130471624e-05,0.0406471265499008,0.000271188541588217,0.646886428701084,0.000213832008874298,0.0298747104554202,-0.000103304683003596
483,0.000307966448067419,-8.70660484657099e-06,0.00294441223964861,-1.30128310471055e-05,0.0407426694080477,0.000268120220647644,0.648064115624398,0.000206416445921536,0.0299513164422876,-0.000108065178438007
484,0.000308646737661284,-9.09141575145118e-06,0.00295119539722528,-1.44867876898838e-05,0.0408269419521584,0.000266245561679159,0.649521909281383,0.000165964740579989,0.030016580904596,-0.00011107398020816
485,0.00030944109018849,-9.08929894490604e-06,0.00295903679593214,-1.42416307299262e-05,0.0409061876044605,0.000271748185713533,0.650555185236951,0.000173475455179346,0.030090756872967,-0.000110761773017541
486,0.000310129650991388,-8.44147947426006e-06,0.00296530759516691,-1.18759073860113e-05,0.040989174361095,0.000276157016778271,0.651330762579108,0.00010425360389086,0.0301582367174747,-0.000104309406845783
487,0.000310791085776908,-8.03250113533462e-06,0.00297208281436135,-1.04897913684327e-05,0.0410926947707725,0.000285021259900092,0.653043376885619,0.000109004352154817,0.0302187353993403,-9.99676046168785e-05
488,0.000311487614018861,-8.11921728056307e-06,0.0029787617992807,-1.00494265246045e-05,0.0411936278768282,0.000284775203262125,0.65387405804344,5.38173775744431e-05,0.0302866737358939,-0.000101680478743086
489,0.000312163659760914,-7.83420410770385e-06,0.00298534474250382,-9.08646452153009e-06,0.0413180453577544,0.00028550061076491,0.655730646847902,4.20100768041366e-05,0.030353566668686,-9.89209754152784e-05
490,0.000312932641640258,-8.07161645058096e-06,0.00299303722802368,-9.41849524455005e-06,0.0414335089053668,0.000295894772051031,0.656966247984937,4.70877438684206e-05,0.0304269461713389,-0.00010216286720626
491,0.000313550745010498,-7.40394364752602e-06,0.00299862750299478,-6.9835475001178e-06,0.0415435185136828,0.000316113036436656,0.657877105824287,6.40893910575343e-05,0.0304924462361503,-9.54406845700752e-05
492,0.000314099558167642,-6.95580211869471e-06,0.00300375364224809,-5.92314493732721e-06,0.0416157961526261,0.000312727196685959,0.659337121386184,7.51256729413132e-05,0.0305506621256487,-9.08279596871826e-05
493,0.00031483286338656,-6.59636607085229e-06,0.00301090841071311,-4.45019178930868e-06,0.0416668639198823,0.000317268445313691,0.661176902025792,8.32884864112756e-05,0.0306193516509396,-8.77037364672204e-05
494,0.000315652537684247,-6.32712882493698e-06,0.00301994853655658,-3.31193535397515e-06,0.0417736940457256,0.000322409782176493,0.662410128128764,9.33436840524668e-05,0.0306927599301373,-8.45160469422405e-05
495,0.000316446937491144,-5.32942700878896e-06,0.0030263969144008,4.35304269739348e-07,0.0418594066805468,0.000323993146678391,0.663643266077255,0.000120473839170506,0.0307757489727153,-7.62122129041718e-05
496,0.000317296757802833,-4.69434559564518e-06,0.00303433638272336,2.25854436966793e-06,0.041955254169158,0.000322714399412011,0.664967862771918,9.63936275788058e-05,0.0308586793365196,-7.05613113372251e-05
497,0.00031800838428006,-4.62726261839583e-06,0.00304128968293996,2.37186985311932e-06,0.0420508638905513,0.000328089076248909,0.666394416267273,0.000121815714193934,0.0309272860411189,-6.96463780213355e-05
498,0.000318577514109771,-4.45954494092542e-06,0.00304626208430372,2.66340847670111e-06,0.0421234909927098,0.00033234041208916,0.667842968223319,0.000182920741951134,0.0309867912391714,-6.75064773521221e-05
499,0.000318973752810992,-2.97875028927119e-06,0.00305023980249378,7.02733359130412e-06,0.0422409009872713,0.00033144095876246,0.669344314271773,0.000230353460923413,0.0310256155175368,-5.35206806680103e-05
500,0.000319627243069398,-2.96470134511443e-06,0.00305721429993952,6.87583397442391e-06,0.042351046069721,0.000319713595867971,0.670546385339087,0.00024401920447858,0.0310828138799445,-5.33816009808579e-05
501,0.000320318085796579,-2.18725403106615e-06,0.00306322718882664,9.79407451029466e-06,0.0424343587136941,0.000325311997552278,0.67221435102727,0.000283195592437958,0.0311505852390893,-4.66794669817458e-05
502,0.000320811241296104,-2.95359948862502e-06,0.00306763163096951,7.7054607119828e-06,0.0425126840839038,0.000319453918716476,0.673225959793446,0.000326627301479048,0.0311995388906485,-5.49456059880105e-05
503,0.000321309025086685,-3.62547392766653e-06,0.00307300195002814,6.97030029733095e-06,0.0425863802748459,0.00032225618536959,0.674848863648411,0.000344640171753598,0.0312471226849691,-6.32737946934083e-05
504,0.000321992552421356,-3.43310088198133e-06,0.00307911840072488,8.17584631514627e-06,0.0426644784745051,0.000328040552745374,0.676468788833577,0.000282574708617617,0.0313131387808632,-6.28516919067875e-05
505,0.000322598730235614,-2.83941210148226e-06,0.00308489414284087,1.04238369962125e-05,0.0427601311045759,0.000334928503682713,0.678311309644555,0.000242357726550717,0.0313719677367365,-5.73648197517674e-05
506,0.000323525873374672,-2.95506930399113e-06,0.00309325093870261,1.08998033080258e-05,0.0428656153337396,0.000341418838597322,0.679694459503949,0.000233862474396827,0.0314565802690947,-5.86509353943576e-05
507,0.000324603180446436,-3.59992915776668e-06,0.00310156817002403,8.76474602681317e-06,0.0429553706747364,0.000338183669704929,0.681849042749423,0.000251525031746752,0.0315691785534607,-6.39080480777207e-05
508,0.000325486443896953,-3.4512500652933e-06,0.00310886663578501,9.79971323932023e-06,0.043048365632925,0.000344682457329175,0.682644244565182,0.000312910958823373,0.0316556498142594,-6.34910032271657e-05
509,0.000326079334958173,-3.48066901408618e-06,0.00311407093788239,9.51610798777539e-06,0.0431243073140366,0.000347491132074319,0.684480271703236,0.000340140653695786,0.0317142846525425,-6.38147330597002e-05
510,0.000326500226294721,-3.95788351241248e-06,0.0031177985291656,7.59171496273779e-06,0.0432427728889209,0.000349975223383884,0.685922206112983,0.000449115770213333,0.0317560775244525,-6.80166175861202e-05
511,0.000327149529069678,-3.41944285885368e-06,0.00312432337495946,1.00224299935035e-05,0.0433514822145002,0.000355889140232225,0.687466533309084,0.000475785471705174,0.0318147344872754,-6.42278220287363e-05
512,0.000327801397800093,-3.78876560715825e-06,0.00313196429462161,8.88554229672538e-06,0.0434388949761807,0.00034738846771781,0.688377634754849,0.000442675868365266,0.0318672212366293,-6.75518166912148e-05
513,0.000328454280403524,-3.68075637081796e-06,0.00313795862050107,8.59840182110807e-06,0.0435477194844565,0.000353001099248329,0.689658012994158,0.000411280476301578,0.0319317317348919,-6.51935794762654e-05
514,0.000329356392087101,-3.60900305235481e-06,0.00314651611268539,8.57300980785688e-06,0.0436300803970835,0.000359457772595187,0.691640463182317,0.000427424203927856,0.0320188515210029,-6.45962570687271e-05
515,0.000330164552920861,-4.03398332464024e-06,0.0031551706820852,6.89000605026269e-06,0.0437358446102554,0.000357579225555197,0.693191191232298,0.000411859074264801,0.0320884649557271,-6.7762362443555e-05
516,0.000330692191218,-4.7351929546224e-06,0.00316163660505956,5.07585472927439e-06,0.0438077796600571,0.000344959342195158,0.695363033551355,0.000476855232021339,0.032137071479205,-7.52645199718942e-05
517,0.000331303132118392,-4.28962816598877e-06,0.00316837669184821,7.50659067023075e-06,0.0438591307637517,0.000345575725096224,0.696545301461306,0.000504441384502057,0.0321944877457929,-7.25200046576591e-05
518,0.000331703665121063,-4.37583770371843e-06,0.0031738479067771,7.51127329965656e-06,0.0439290555116298,0.000350415552741424,0.697689543785984,0.000567152859660572,0.0322339469561918,-7.31230559179641e-05
519,0.000332068346448028,-4.04048438611598e-06,0.00317880843392087,8.51352609570742e-06,0.0439793362534286,0.000356874915262401,0.699263720605263,0.000610513646820912,0.0322665903763853,-6.95548886379336e-05
520,0.000332764772392651,-3.78580012150449e-06,0.0031864236964884,8.51115895458937e-06,0.0440032626827669,0.000360794405778424,0.700877188693718,0.000573855716222806,0.03232879304642,-6.6040499852167e-05
521,0.00033327169453194,-3.87683966939887e-06,0.00319156529573869,8.51358564907963e-06,0.0440683246213842,0.000357433769674821,0.702506458460776,0.000581663591119936,0.0323696806063788,-6.71795216916227e-05
522,0.000333807190640403,-3.63450227408523e-06,0.00319754278108675,9.35543331513459e-06,0.044119843759996,0.00036276997376813,0.703654938852949,0.000623940973479841,0.0324200253540218,-6.54218231164359e-05
523,0.000334385120087035,-3.20139711411896e-06,0.0032026573100631,1.07766416527848e-05,0.0441951995421234,0.000365453032467196,0.704463660851436,0.00064270856799837,0.032482551331101,-6.18642046432896e-05
524,0.00033493871373344,-2.79632749967531e-06,0.00320730777085584,1.22559475974527e-05,0.0442741085804926,0.000375211885857436,0.706712391241049,0.000662681765506285,0.0325414950368019,-5.85247375941574e-05
525,0.000335677802369294,-2.61255662922782e-06,0.00321305555911515,1.29320373034914e-05,0.0443303615401608,0.000377973712701192,0.708003825336183,0.000664454138782254,0.0326169611062413,-5.68709389203954e-05
526,0.000336361191906263,-3.0689637622856e-06,0.00321907254889969,1.15056656578596e-05,0.044420428412668,0.000372976172885141,0.709219476986827,0.000658968699391922,0.0326825606653148,-6.1424868992985e-05
527,0.000336736243943718,-2.55764301690293e-06,0.00322284991577008,1.34221000350629e-05,0.0444902955728541,0.000375142559440235,0.710519033502857,0.000656349299118351,0.0327231412356629,-5.76541479338647e-05
528,0.000337188512384203,-1.90110721355042e-06,0.00322658337372172,1.53086897174741e-05,0.0445522375114959,0.000377279106404309,0.711712452732525,0.000637323324892982,0.0327681625979554,-5.10005662036624e-05
529,0.000337768350704367,-2.58764264097262e-06,0.00323217637921046,1.28680240448485e-05,0.0446174156478657,0.000370616396221934,0.714395138004448,0.000598396961872591,0.0328240719024919,-5.76171245442518e-05
530,0.000338539266052864,-2.89370219783527e-06,0.00323960008106368,1.31899632592429e-05,0.0447078797663069,0.000378840849891087,0.716279929182456,0.000606569803983219,0.0328999635231106,-6.10073495161034e-05
531,0.000339278478224566,-2.79241586208036e-06,0.00324591442892496,1.43312939575085e-05,0.0447650732969613,0.000381823234381231,0.718131027351765,0.000654844062055805,0.0329762077702625,-6.09186161246573e-05
532,0.000339946523915053,-2.83188911315944e-06,0.00325155401344826,1.4660686140457e-05,0.0448334724716318,0.000387634317182751,0.719687937843535,0.000705665212487028,0.0330500336016097,-6.1939303753788e-05
533,0.000340664193763928,-2.62615098010727e-06,0.00325800134996974,1.48503669659943e-05,0.0448704447753496,0.000382758881913256,0.721004860490979,0.00071613518679384,0.0331201495913615,-5.94203379464031e-05
534,0.000341397957411621,-2.41865962154504e-06,0.00326320321639513,1.4559392483248e-05,0.0449176033456386,0.000368102544692027,0.723232832040152,0.000720562260046404,0.0331968040085035,-5.62386476312579e-05
535,0.000341919841552243,-3.21049518437073e-06,0.00326677060505647,1.2209151338222e-05,0.0449548817193163,0.000363889579830849,0.724374306198615,0.000735509386081069,0.0332594702723206,-6.34459729232434e-05
536,0.000342391512123627,-3.40239705362694e-06,0.00327136500546018,1.13871082203044e-05,0.0450179932854422,0.000369079079359479,0.726074522726964,0.000793365907050636,0.0333080988841893,-6.46926839890585e-05
537,0.000343024501865375,-3.03332938540757e-06,0.00327638382803236,1.28482900003764e-05,0.0450905083113297,0.000375778047193825,0.728013805930704,0.00083623268538643,0.0333791947618951,-6.15650200130505e-05
538,0.000343687937921333,-3.12144030233796e-06,0.00328267939203586,1.25868174360434e-05,0.0451699636363563,0.000379484689003267,0.729845935399779,0.000873305680590709,0.0334490963126859,-6.25996293409292e-05
539,0.000344359833444981,-2.73559960039455e-06,0.00328915034260604,1.34059687591832e-05,0.0452537713403137,0.000378737908736701,0.732235445282481,0.000944082986377,0.0335183498019961,-5.78797183108882e-05
540,0.000345217360688204,-3.06579818136209e-06,0.00329688259410075,1.27816665586496e-05,0.045318457426722,0.000384948012251122,0.734396046968817,0.000938799467098502,0.0335946681209048,-6.0932274903733e-05
541,0.00034590948641348,-3.93814418590846e-06,0.00330174954017703,1.011099573386e-05,0.0453848088698938,0.0003915043024916,0.73597488447904,0.000937865713031541,0.0336677793322139,-6.82001792325395e-05
542,0.000346635102314922,-3.88617915532985e-06,0.00330640653851303,1.09704112232949e-05,0.0454751259499377,0.000406642231446657,0.737277504005408,0.000959144564347265,0.0337457806206947,-6.83419460429872e-05
543,0.000347286216963112,-3.58621993316231e-06,0.00331197578676272,1.1254893331505e-05,0.0455463217183094,0.000415912646497159,0.737890779185474,0.000905964282999015,0.0338033708834372,-6.54019549179456e-05
544,0.000347620162416898,-3.62278787110432e-06,0.00331646711835575,1.05478643168794e-05,0.045621349312154,0.000408596167770669,0.738942771631978,0.000879950147136047,0.0338317759189564,-6.52240524929308e-05
545,0.000347839921573913,-2.62023765383732e-06,0.00331969861488118,1.28232976297618e-05,0.0457216361030155,0.000411246782863181,0.740625656610914,0.000928140250424034,0.0338513728895326,-5.45148131820598e-05
546,0.00034824293416535,-2.70897395067842e-06,0.00332367327322687,1.23809900511818e-05,0.0458056724390568,0.000411257172718487,0.742354137687065,0.000982396894376246,0.0338862116588681,-5.44722365117463e-05
547,0.000348728854995775,-3.19615829985623e-06,0.00332795448084096,1.1520447773092e-05,0.0458832259915425,0.000414586188942712,0.74351179106346,0.00102459927542378,0.0339378986884902,-6.00446904450523e-05
548,0.000349213727680969,-2.32917544256046e-06,0.00333287853674127,1.4719576151408e-05,0.0459890358686254,0.000426620273036824,0.74478861412619,0.00104286704098658,0.0339898155751996,-5.27977274889773e-05
549,0.000349884572773468,-2.18098875314564e-06,0.00333939436289767,1.5592450477021e-05,0.046074832698139,0.000428544632432353,0.74564310572067,0.000987912969764222,0.0340552598474534,-5.19273983732177e-05
550,0.000350468430584255,-2.92903902549567e-06,0.0033454986524966,1.34000274013599e-05,0.0461715760565692,0.000422703862250369,0.747171393292212,0.000958247524260376,0.0341116381770326,-5.92943189954343e-05
551,0.0003512016015095,-3.40347741925341e-06,0.00335239388346837,1.17746255224111e-05,0.0462299742531462,0.000429658532656387,0.747988143363073,0.000975941383412569,0.034174928670976,-6.20982255150016e-05
552,0.000352065266816164,-2.95156157784061e-06,0.00336062457962621,1.27546885733244e-05,0.0463014647281541,0.000439285475301407,0.748730619502749,0.00101823826013766,0.0342481681863046,-5.65815112504434e-05
553,0.000352940056511643,-2.20796890954293e-06,0.00336993609240181,1.45534477966299e-05,0.0463880389957342,0.000448338888407859,0.750010988572772,0.00106218440518878,0.0343294671505737,-4.93540069937998e-05
554,0.000353641726837692,-1.18230605648252e-06,0.00337752368804489,1.80730144257187e-05,0.0464861199997999,0.000449547803458139,0.751321495290215,0.00112262357767311,0.0343932442554159,-4.03087754702028e-05
555,0.000354632846078214,-1.28535692062932e-06,0.00339004302384867,1.77310169703789e-05,0.0466011866724054,0.000439239818691125,0.752792819765603,0.00107701981767351,0.0344775205864494,-4.19569259849483e-05
556,0.000355653344244325,-1.75678653933908e-06,0.00340052397080008,1.66626000145156e-05,0.046681355468366,0.000444497331027987,0.754535037708023,0.00113314084794001,0.0345702902571508,-4.66750831304498e-05
557,0.000356540098001443,-1.30663612638709e-06,0.00341125681916556,1.78726082191254e-05,0.0468081003347989,0.000445861527839272,0.756647506899962,0.00115868313827569,0.0346501073089338,-4.23175978662525e-05
558,0.000357302262302515,-2.12578482495333e-06,0.00341946233938266,1.55580285799831e-05,0.0469493569595122,0.000445435754992028,0.757842997889688,0.00114345376167524,0.0347210802180323,-5.04354258262802e-05
559,0.000358113934255256,-3.01849769399296e-06,0.00342858036324095,1.34864797274804e-05,0.0470811120016162,0.000445228991321413,0.759400318090276,0.00112395808458638,0.034795424974023,-5.94713699054446e-05
560,0.000358766508349088,-3.43769163222474e-06,0.00343553915679804,1.25858673186774e-05,0.0471832984745544,0.000449218586837497,0.761277914531964,0.00114134944330731,0.0348570146530283,-6.28804944432055e-05
561,0.000359487963956349,-4.20430425313934e-06,0.0034419212002744,1.08524357995567e-05,0.0472351691555077,0.000450935726122088,0.762439753641763,0.0011633892846778,0.0349260964419224,-7.0502342853359e-05
562,0.000360251839069723,-4.18097126065837e-06,0.00345012759485687,1.02170187905814e-05,0.0473380722114861,0.000447882914869228,0.763511553527789,0.00113555945789891,0.0349973873345635,-6.94395932074474e-05
563,0.000360910206127938,-4.30329395026137e-06,0.00345801662251119,9.18164710030401e-06,0.0474120804722047,0.000455892975872251,0.764902010341365,0.00111765918670808,0.0350542034471191,-6.97053421764763e-05
564,0.000361605841226507,-4.31832907366324e-06,0.00346572570239324,9.1425686439518e-06,0.0475337115453025,0.000456953087960337,0.765837176298711,0.00119022302444415,0.0351165738164586,-6.98026356564757e-05
565,0.00036246534773435,-3.84001038697605e-06,0.00347306884927878,1.15156839040705e-05,0.0476723200172945,0.00045824379940609,0.766948621193172,0.00124331039295276,0.0351966436148395,-6.53839482357195e-05
566,0.00036329905210735,-2.88222571400603e-06,0.00348258071436499,1.43226247940001e-05,0.0477809141409424,0.000464521633449525,0.768022492733834,0.0012567651264473,0.0352707870338282,-5.61970367327134e-05
567,0.000364141766676778,-3.04510887102231e-06,0.00349185832386492,1.33010022786279e-05,0.0479333701616459,0.000459024680474223,0.77041245939595,0.00128617939350831,0.035347973743398,-5.77186942818034e-05
568,0.000364820171028315,-2.92884738414504e-06,0.00349823040351998,1.34060069272537e-05,0.0480479612384234,0.000457964497709592,0.771872894382359,0.00140009815896235,0.0354164744919715,-5.60088860526372e-05
569,0.000365318425786992,-3.80410636066146e-06,0.00350240231867104,1.0528470573744e-05,0.048136754250168,0.000452592025852904,0.772905050352631,0.00145596408148505,0.0354725095832625,-6.48334454159414e-05
570,0.000365414290999561,-2.89693826456138e-06,0.00350326344772365,1.30589775718667e-05,0.0481875690901814,0.000458689940021715,0.774115275246848,0.00140417915003269,0.0354899049634099,-5.57360416867045e-05
571,0.000365869586047629,-2.10617226587349e-06,0.00350739447176316,1.56925326607507e-05,0.0482907321929388,0.000464969066390029,0.775726533035951,0.00139705539648493,0.0355368545257899,-4.76272908172493e-05
572,0.000366294791808975,-8.98551054327348e-07,0.00351216886679948,1.99005146979847e-05,0.0483876568629281,0.000475859055246216,0.777959175100056,0.00139512775543688,0.0355780803808214,-3.61309697508412e-05
573,0.000366771084187968,-3.14552050365495e-07,0.00351821434987851,2.16511312913265e-05,0.0484884831062618,0.000477421076950239,0.779955082527217,0.00140180616344943,0.0356166888189282,-3.0069590253119e-05
574,0.000367273146371143,5.94627228352876e-07,0.00352321802863518,2.38537173947143e-05,0.0485994416787536,0.000476067228815449,0.782139654080919,0.00143919809581312,0.0356618154931201,-2.09820646665123e-05
575,0.000367806088178084,4.61481146301874e-07,0.00352909402423733,2.33140546019944e-05,0.0487072345091117,0.000465368763496166,0.784136197279144,0.00144759804784845,0.0357072219505571,-2.17068960897103e-05
576,0.000368343264963051,1.15171979395383e-06,0.00353448161673008,2.57404656566909e-05,0.0487834305043155,0.000468506512645353,0.785861477334805,0.00142860387815308,0.0357534590930353,-1.54699467545311e-05
577,0.000368976945712309,1.77978056909459e-06,0.0035414607724635,2.71474637744629e-05,0.0489430630130195,0.000482215362501349,0.786712767642036,0.00142930775253986,0.0358105285354458,-7.73964357357784e-06
578,0.000369449920091907,1.41852607183227e-06,0.00354614581628405,2.63024327769614e-05,0.049031714447891,0.000485198277026268,0.788798266821396,0.00145538189119065,0.0358616865841139,-1.15082034709353e-05
579,0.000370131774170956,1.92730304206204e-06,0.00355407498626771,2.70352205617035e-05,0.0490936382532841,0.000489103453165692,0.790427182360786,0.00147029154541724,0.0359218108302791,-5.44952867143893e-06
580,0.000370769824820003,2.63629189458279e-06,0.00356038646737411,2.85515993245132e-05,0.0491579962387201,0.000489063083571105,0.79196931603803,0.00146805426803343,0.0359821682159209,2.64452401309806e-06
581,0.000371239745436122,2.2326505579412e-06,0.00356456495286924,2.63009254779239e-05,0.0491787116578443,0.000478924086593287,0.792600168936499,0.00145406539737242,0.0360346664235064,3.97697498155997e-07
582,0.000371869860171037,1.91730535338517e-06,0.00357104129353751,2.52437540362993e-05,0.0492527208986574,0.000468241588713708,0.794028635741308,0.00143753592201728,0.0360929937135163,-2.02688980775369e-06
583,0.000372535381335606,1.72743310180798e-06,0.00357739904974976,2.4251194082552e-05,0.0493348030329987,0.000461898815821893,0.795371279987881,0.00140421654509637,0.0361579830326808,-3.08611658153052e-06
584,0.0003730406241889,1.84379866259051e-06,0.0035821883107792,2.43527765923357e-05,0.0494188133955079,0.000461810864572641,0.796310884216013,0.00135312030733625,0.036211007788474,-2.10414486680963e-06
585,0.000373637620253588,1.88744535535227e-06,0.00358798560223245,2.41230147719437e-05,0.049504702693193,0.000460277745983402,0.797900400750929,0.00133088453565345,0.0362682908305857,-1.73853809915939e-06
586,0.000374368128317623,1.88310944837937e-06,0.00359557855857758,2.35049770332953e-05,0.0495827744125535,0.0004603593907686,0.799965863398873,0.00136287952239607,0.0363342612988714,-1.12579280218756e-06
587,0.000375171593267276,1.0024946580943e-06,0.00360185945849497,2.17299882869626e-05,0.0496432335855415,0.000456311318230089,0.801686830213242,0.00133255965498987,0.0364105086627596,-1.07323674340458e-05
588,0.000375974803460264,2.79386867884292e-07,0.00361000100915018,1.93713635964173e-05,0.0497295782783735,0.000445699366710258,0.803138023057709,0.00130052065262002,0.0364795896564536,-1.77825731452565e-05
589,0.000376620406689929,-1.28670919110571e-07,0.00361695769181357,1.79553806021892e-05,0.0498229485630743,0.000431553278971191,0.804046144361614,0.00124318067773035,0.0365380857113707,-2.15873429058825e-05
590,0.000377244988554763,-6.31135634157622e-07,0.00362198024642201,1.63926952223417e-05,0.0499245294318931,0.000415136792031222,0.8054855399006,0.00123293251721084,0.0366001171679353,-2.71034408270423e-05
591,0.000377903642560804,-8.25589820017755e-07,0.00362634541335251,1.59291353944559e-05,0.0500183959214922,0.000408719831954763,0.806978183098195,0.00129154085322294,0.0366571621888754,-2.79675931703539e-05
592,0.000378501217102443,-1.0770689841365e-06,0.00363275078371309,1.4760532922662e-05,0.0501022310793335,0.000417394751822828,0.809274615678042,0.00140543255792553,0.0367111661392204,-2.97308979165554e-05
593,0.000379119206732926,-1.03811173854723e-06,0.00363868941652229,1.49223806180972e-05,0.0501688569301547,0.000427850892643507,0.811292486609342,0.001504619985703,0.0367715659260909,-2.94183947511938e-05
594,0.000379794204713826,-1.45234748641798e-06,0.00364457170355372,1.32381998438767e-05,0.0502207826267483,0.000431172786541643,0.813074944654016,0.00148882038064997,0.0368404189798232,-3.2041533594428e-05
595,0.000380636802953692,-1.48602686631869e-06,0.00365271305910041,1.32295913605932e-05,0.0502668876318878,0.000437156098306682,0.814100188400257,0.0015077851204192,0.0369264087451381,-3.13585575451367e-05
596,0.000381420378449419,-1.71283974125613e-06,0.00365672777801284,1.18271280033703e-05,0.0503189242293584,0.000431074779732491,0.815179650889459,0.00151729023804203,0.0370150199473361,-3.30608669484917e-05
597,0.000382222561416458,-1.86463130357281e-06,0.00366266696845659,1.20157893901784e-05,0.0503855670396069,0.00043200524203488,0.816868247758586,0.00152004564670857,0.0371012811620349,-3.52958675071517e-05
598,0.000382690441329832,-1.94848088469317e-06,0.00366610716601995,1.17223439071859e-05,0.0504472432144207,0.000439190721798802,0.818527017364727,0.00152878692872369,0.037153329952882,-3.56842443557764e-05
599,0.000383069521191355,-1.79838482250334e-06,0.00366951910118299,1.21123345119821e-05,0.0505167249715179,0.000436465152025228,0.819473300546971,0.00148956975845626,0.0371935889788747,-3.33420992010385e-05
600,0.000383349065737923,-2.8980191310628e-06,0.00367332839133082,9.30679802991299e-06,0.0506266604881513,0.000436669848749995,0.820814306114462,0.00145056094285885,0.0372179284561496,-4.45318559427569e-05
601,0.000383946762012038,-3.25646250697166e-06,0.00367941139789958,8.52931624214703e-06,0.0507451817606235,0.000437457409914464,0.823223533211801,0.00151153897455092,0.037271060577374,-4.82549901339184e-05
602,0.00038461823170125,-4.21977242303251e-06,0.00368645225224927,6.32363333431958e-06,0.0508748362939922,0.000435856659700105,0.825167285471006,0.00155384615092932,0.0373330660563663,-5.91510584938012e-05
603,0.000385192848302412,-4.28014908794642e-06,0.00369136992914595,6.22327357206591e-06,0.0509673877918857,0.000448472995434288,0.827412081051949,0.00162459534576015,0.0373941715152265,-5.88218116371802e-05
604,0.000385769444737859,-4.44045100814357e-06,0.00369564661830467,7.21575817412443e-06,0.0510356228347882,0.000466235460725952,0.828659374604541,0.00169203152692671,0.0374568019923784,-6.16947356726251e-05
605,0.000386535941173439,-3.32592468660348e-06,0.0037018016990636,1.12781029346475e-05,0.0511304360630584,0.000490216238201905,0.829950709262349,0.00177171945364308,0.0375293020694433,-5.21015631538892e-05
606,0.00038730243717093,-1.62641707172222e-06,0.0037084065201195,1.65483799261052e-05,0.0512253611471966,0.000505667700001586,0.83179114593295,0.00180848706689946,0.0376027846427328,-3.57075887250047e-05
607,0.000387794301569957,-4.0323256855397e-07,0.00371203461908259,1.94777905840638e-05,0.0513088814020898,0.000518186246010101,0.833539439543326,0.00179449789773973,0.0376616268383724,-2.23703897208864e-05
608,0.000388170589820991,-2.78931382203074e-07,0.00371609441668753,2.00880636602991e-05,0.0513720251868905,0.000519399511075033,0.835522567911441,0.0017805222485982,0.037700872303211,-2.09081954763701e-05
609,0.000388745090646032,-5.93582456892182e-07,0.0037229454214629,1.92359889139866e-05,0.0514662774326427,0.000518213980880262,0.837591181082887,0.00174373422007621,0.0377480483392975,-2.40198401728731e-05
610,0.000389480697783854,-4.592291381828e-07,0.00373121335868158,1.9126622484678e-05,0.0515605079363069,0.000522522250801592,0.839352964087676,0.00170735461073094,0.0378085912432507,-2.22730027192586e-05
611,0.000390313064765092,1.10003833460575e-06,0.00373882224693675,2.41011986046234e-05,0.0516558214730745,0.000531195687747133,0.841193953630017,0.00167365544377494,0.0378856783480532,-7.03374400941028e-06
612,0.000391076472497488,1.83486912152449e-06,0.00374579844344978,2.61803435855709e-05,0.0517456428521019,0.000536487073134369,0.842826656380535,0.00169199343006024,0.0379601670545054,8.18720604915167e-07
613,0.000391931330958967,3.10995411781503e-06,0.00375303184855298,3.02680521134672e-05,0.0518296067864417,0.00054052181696881,0.843528287554327,0.00169682548357341,0.0380480578614158,1.26791322646441e-05
614,0.00039236142859169,2.93370204830865e-06,0.00375761280416604,2.89113579255197e-05,0.0519097927874603,0.000533524782971889,0.843880602649654,0.0017251020309395,0.0380911386106743,1.22375032297867e-05
615,0.000393066312748606,3.1442073873126e-06,0.00376559939958915,2.9168355057505e-05,0.0520210970531438,0.000539105857530056,0.845410517816076,0.00177884731344381,0.0381515470338177,1.45808804965079e-05
616,0.000393564134571586,2.80841615154802e-06,0.00377109475405886,2.7736672133051e-05,0.0521229185298727,0.00054852526579658,0.846725003084692,0.00178484493739133,0.0382026594521613,1.24350936964409e-05
617,0.000394323643506746,2.40940556620544e-06,0.00377813387969087,2.6551313094894e-05,0.0522249477864795,0.000552941018308125,0.848269147486312,0.00178166493933285,0.038275803714866,9.68256718329133e-06
618,0.000395106903955799,2.49431380838451e-06,0.00378569238770715,2.70208394507772e-05,0.0523295547775395,0.000558891596428067,0.850201844352417,0.00177313991980481,0.0383509794055626,1.18361436292098e-05
619,0.000395895417898489,2.03797033296912e-06,0.00379418919367122,2.51263853543016e-05,0.0524055502028864,0.000554156962558832,0.851694632365547,0.00171383474413263,0.038415467230571,7.85052788563306e-06
620,0.000396846365846517,1.66535714563706e-06,0.00380371601998906,2.27280728524921e-05,0.052487607382395,0.000541650550749916,0.852919130649366,0.00169029621105288,0.0384963685899302,5.04373280731389e-06
621,0.000397748568106762,1.28812488856535e-06,0.00381044740808666,2.13144340204485e-05,0.0525864197325646,0.000533384374339756,0.854274752643563,0.00164958694609033,0.0385773584225673,1.27699961269213e-06
622,0.000398412803484543,1.63117860072011e-06,0.00381554243378211,2.22459086584587e-05,0.0526646930996565,0.000539263608215149,0.856125271458082,0.00162915526210948,0.0386466573454245,4.88935146975427e-06
623,0.000399288129454963,1.85552438125351e-06,0.00382183162048789,2.35401571362273e-05,0.0527154346308237,0.000540431150633864,0.858063605888334,0.00159766716314354,0.0387405599422264,5.44316947932671e-06
624,0.000399991152574939,8.06398582367761e-07,0.00382678556480047,1.97980651577423e-05,0.0528193307677305,0.000521616744763456,0.859943750516986,0.0015940815686895,0.0388201012600156,-4.53836075477654e-06
625,0.00040049921677693,4.99698213648089e-07,0.00383136543273865,1.88452233766549e-05,0.052902442161634,0.000513126790445105,0.861706897975422,0.00161914442790627,0.0388773682833605,-7.21019984555375e-06
626,0.000401187369465342,1.12677540069944e-06,0.0038374740379914,2.09819828363751e-05,0.0530341641961028,0.000525653292019667,0.863984522973654,0.00166843803668697,0.0389453815477576,-1.11346865837183e-06
627,0.000402112952317642,6.63127688364262e-07,0.00384446215311957,2.00966784749172e-05,0.053157176755622,0.000527978897171463,0.865579132220536,0.00168765450460271,0.0390432547745182,-6.82345631747548e-06
628,0.000403040292744377,-4.09373769906726e-08,0.00385397763154037,1.79918607671712e-05,0.0532350745214058,0.000530989063018972,0.867327583697429,0.0017156584571914,0.0391269089807884,-1.28955600635635e-05
629,0.000403814728744004,4.08898146188072e-08,0.00386192688734916,1.82284374651174e-05,0.0533086558552762,0.000540384710029893,0.86957503192245,0.00169626179392866,0.0392000677316942,-1.11818462208128e-05
630,0.000404389615984459,-2.55808616656316e-07,0.00386692099688477,1.65294406515516e-05,0.053358488622499,0.000524705327179517,0.871596403704383,0.00168648288860148,0.0392604145139006,-1.2384981010135e-05
631,0.00040506383506633,-4.34348397618914e-07,0.00387338951431114,1.57436696726506e-05,0.0534320551958963,0.000519355677521242,0.872742510744359,0.00168836283054476,0.0393216958519742,-1.38368363459914e-05
632,0.000405780145456206,-4.54005071238266e-07,0.00388075761423671,1.54070477893718e-05,0.0535009245915724,0.000511000653493657,0.873589551612808,0.00168102813747521,0.0393840584936146,-1.41650133357324e-05
633,0.000406564053728478,-4.65089254492742e-07,0.00388936383622597,1.61277203595281e-05,0.0535692413730842,0.000518315692425457,0.875118783195759,0.00168036349571431,0.0394564533987537,-1.53844105690946e-05
634,0.000407042042073465,1.0074310360472e-07,0.00389615216197831,1.7965206477709e-05,0.0536366817855173,0.000529668251546154,0.876520833261327,0.00171806669607447,0.0394929201823854,-1.04315095952691e-05
635,0.000407666556051384,-1.28751794089554e-07,0.00390313388234102,1.75089383670709e-05,0.0537019196732202,0.000536794513366469,0.877862900533647,0.00176444662354022,0.0395510300605447,-1.23099637405106e-05
636,0.000408302155886769,-5.08119911213238e-07,0.00390982843669144,1.66206485105537e-05,0.0537725171551464,0.00054512434763622,0.879679194819328,0.00175513337186604,0.0396067595812705,-1.62991535608187e-05
637,0.000408632746682971,-1.63730564426989e-06,0.00391327605966536,1.28992838023128e-05,0.0538817189944446,0.000541760257373586,0.882216573528064,0.00166671344724616,0.0396412616426446,-2.76307219668509e-05
638,0.000409172742454352,-2.25509339920805e-06,0.00391872692799536,1.07285211196181e-05,0.0539958507739945,0.000522525138425231,0.884352949932727,0.00161911817461556,0.0396920198094825,-3.34265620511283e-05
639,0.000409655472953795,-3.926225503762e-06,0.00392354051693499,5.83153832754948e-06,0.0540812063933836,0.000503477070207757,0.885890819412604,0.00158846867237988,0.0397409630393653,-5.01372694108666e-05
640,0.000410083627548496,-5.36419032483438e-06,0.00392884841310931,8.71389062210178e-07,0.0541443849144873,0.000486421963918102,0.888083180003105,0.00152182260212114,0.0397827923649617,-6.37412118199569e-05
641,0.00041058816392842,-7.22241184520093e-06,0.00393474931804919,-5.72019089622847e-06,0.0542481224629493,0.000465550689030567,0.889485377785162,0.00147559120830105,0.0398267728718937,-8.07029009026749e-05
642,0.0004110163002629,-8.38132805634768e-06,0.00393982641462016,-9.1702143740253e-06,0.0543352701097566,0.00044960954336943,0.890905637890535,0.00140904924600428,0.0398640356357964,-9.18338825651938e-05
643,0.0004115723878757,-9.14391260120691e-06,0.00394466861275062,-1.14009171535596e-05,0.0544371651181778,0.000441344853768768,0.891711895094002,0.00145166369317611,0.0399178223152261,-9.93184206624566e-05
644,0.000412175406848189,-1.01395494283636e-05,0.00394985795984055,-1.32771758139293e-05,0.0545345864745199,0.000435410613867379,0.892851736760604,0.00143417131758471,0.0399772282167791,-0.000110576516818504
645,0.000413000361434146,-1.10191388495769e-05,0.00395580967240838,-1.542263340735e-05,0.0546019389605993,0.000432015621999532,0.893936275536807,0.0013140788854115,0.0400649033424486,-0.000120482598772742
646,0.000414109995815927,-1.21803305004914e-05,0.00396589320391214,-1.89368003780231e-05,0.0546730757948909,0.000421769978958245,0.895307891469236,0.00123766189607522,0.0401658135147872,-0.000131506613385157
647,0.000414936499772264,-1.20984195330864e-05,0.0039726590802694,-1.91321671105037e-05,0.0547370362197511,0.000412091169291734,0.896548192540146,0.00124608446983793,0.0402477714740338,-0.000129994409128061
648,0.000415713434730191,-1.30143582219896e-05,0.00398007187017236,-2.23743954433258e-05,0.0548246035832692,0.000406253962594207,0.898606934734712,0.00130953617850951,0.0403203229676268,-0.000139199442560247
649,0.000416473025729851,-1.32670494839225e-05,0.00398642117023236,-2.42174587222094e-05,0.0549388450938326,0.000392595688737071,0.900864370746261,0.00131935202371675,0.040397203892493,-0.000140678368190589
650,0.000417132817169966,-1.39344341519533e-05,0.00399360432846288,-2.61069859853149e-05,0.0550709615351525,0.000389343758654843,0.903051914088704,0.00134857934776018,0.0404602480584958,-0.0001474252862543
651,0.000417888268279226,-1.29376171628929e-05,0.00400066242022388,-2.24925970377376e-05,0.0551628554803329,0.000412313519422784,0.904561205509503,0.0013377842317559,0.0405368127960112,-0.000137746358135966
652,0.000418534195769808,-1.23838142271573e-05,0.00400690102583751,-2.00979794345564e-05,0.0552482769096325,0.000419748247126808,0.905281307804608,0.00140024157051232,0.0406047680036673,-0.000133892854630707
653,0.000419314315505395,-1.26882692086298e-05,0.00401334105931302,-2.09364793149244e-05,0.0553385899196324,0.000419766136680451,0.906706698456287,0.00133498906896935,0.0406840587908438,-0.000136675560632387
654,0.000419980332888538,-1.33571487157847e-05,0.00401914566887665,-2.31744972590512e-05,0.0554151955538354,0.000405548509130349,0.907826059250777,0.00126583391240778,0.0407536156307627,-0.000142865725191238
655,0.000420300227866439,-1.40321629299446e-05,0.00402239208100255,-2.54329186912001e-05,0.0554721245139025,0.000398032646915515,0.909200368050564,0.0012403820755615,0.0407875071983512,-0.000148815179165097
656,0.000420689744931734,-1.43297561854777e-05,0.00402659678774037,-2.67332500416553e-05,0.0555427924186163,0.000384629113408112,0.909833623250359,0.00120801281652987,0.0408227203350349,-0.000151790693411328
657,0.000421109537901459,-1.55019912625422e-05,0.00403135846259816,-3.03347456066507e-05,0.0556348923070416,0.000372657023535723,0.911550662111124,0.0011528984962095,0.040861884507254,-0.000164488581267039
658,0.000421519646854224,-1.74453578007638e-05,0.00403492226595286,-3.61046928882941e-05,0.0557150780045634,0.000352484451213071,0.91225441653519,0.00112025738684965,0.0409033497131725,-0.000184152247722361
659,0.000422141576348168,-1.86459275952108e-05,0.00404080506317704,-3.92549002382638e-05,0.0557712887583376,0.000331752330815548,0.914018093531804,0.0010969685470655,0.0409716483174843,-0.000196506148877632
660,0.000422862232589069,-1.96956066218777e-05,0.00404773936190234,-4.18151852528399e-05,0.0558304547282654,0.000327079072493689,0.915095307104807,0.00112446544325667,0.0410440828533319,-0.000207912276180042
661,0.000423346479231922,-2.11191046406981e-05,0.00405238120094436,-4.59059588511897e-05,0.0559177115329602,0.000319504228618221,0.916195471240646,0.00110491918416933,0.0410954435325062,-0.000222839970621456
662,0.0004239995922793,-2.17863841817991e-05,0.00405875780137792,-4.70723408347898e-05,0.0559645365641697,0.00033051404457281,0.917179972473013,0.00110541969280714,0.0411617337907051,-0.000229973299147504
663,0.000424647238966914,-2.22376878587519e-05,0.00406487373287669,-4.80425389106167e-05,0.0560207548232733,0.000332105297424813,0.917710887328843,0.00112693874452405,0.0412295525548348,-0.000235232907206351
664,0.000425426049810191,-2.31583378936105e-05,0.004071710571082,-5.1612518339736e-05,0.0560605839072465,0.000311682167550603,0.919509961775518,0.00108595396318309,0.04131320244857,-0.000244301774450217
665,0.000426077870907844,-2.31138994224044e-05,0.00407903128978421,-5.29411130878208e-05,0.0561288717287601,0.000301792445292425,0.92052056332041,0.00110831492482872,0.0413787990352239,-0.000241863423728511
666,0.000426768454954288,-2.35516339252952e-05,0.00408491181040924,-5.51866912420767e-05,0.0562007853580883,0.000285118374816147,0.921924646463482,0.00111936290453177,0.0414476159143234,-0.00024483477972087
667,0.000427451679630736,-2.4104457903516e-05,0.00409201450449571,-5.79345770942787e-05,0.0562781804666199,0.000280269106131255,0.923935174719227,0.00111227062340184,0.041511955861608,-0.000248832061760811
668,0.000428175894038561,-2.53254078749387e-05,0.00409788412350891,-6.22758887281653e-05,0.0563454109794633,0.000265826714382588,0.924931299105193,0.00104914471492949,0.0415796588128809,-0.000259303405275958
669,0.000429221845558885,-2.64620118542931e-05,0.00410715714859051,-6.50722634408779e-05,0.0564332633435754,0.000262711338675018,0.926040743354457,0.000991593305675764,0.0416785218230501,-0.000270727080798301
670,0.000429990589429637,-2.78843583723631e-05,0.00411519243591071,-7.00429208158618e-05,0.0565259774053,0.000236431982493977,0.927263574356659,0.000918881303637334,0.0417497950120854,-0.000283581254990383
671,0.00043062179140312,-2.76294155901896e-05,0.00412274655860014,-7.03150042998944e-05,0.056638575264916,0.000228701650819812,0.928713010137728,0.000842958182637507,0.0418038401637737,-0.000279650775138058
672,0.000431334768705897,-2.69610088640311e-05,0.00413108604863249,-6.89236953364e-05,0.0567019972252421,0.000237758607631253,0.929915580024124,0.000892462878475084,0.0418702292448863,-0.000271995377936839
673,0.000432090021450971,-2.6652760149917e-05,0.00413851753322481,-6.70440644112419e-05,0.0567719374618635,0.000247040170171807,0.930667007535099,0.000954895087609616,0.0419368562398238,-0.000269286456246436
674,0.000432849907859643,-2.63909504265146e-05,0.00414531512892036,-6.60306434414419e-05,0.0568447842180556,0.000258180099234082,0.931597863024682,0.000937987432465157,0.0420090103354912,-0.000267733080549206
675,0.000433308175225527,-2.59902729484855e-05,0.0041502735323214,-6.57481692793282e-05,0.0569220799051851,0.000273558804607649,0.932360051387798,0.000903436756412658,0.0420456329619597,-0.000261646332958389
676,0.000434080636062542,-2.62820724861354e-05,0.00415873116284649,-6.58348557337947e-05,0.0570071385145292,0.000285388022872164,0.933291580547124,0.000886488891179642,0.0421160444051487,-0.000264760174011614
677,0.00043458073964114,-2.56724469863666e-05,0.00416387947123731,-6.33131206729562e-05,0.0570619990397593,0.000297043062791409,0.934623556208149,0.000916113522124895,0.042179777814029,-0.000259551205595
678,0.000435107331679083,-2.48227118277377e-05,0.00416899155266622,-6.04470104239052e-05,0.0571316145761984,0.000301319211145016,0.935913634014961,0.000940795277060879,0.0422338333574733,-0.000251243437516063
679,0.000435642378655902,-2.61084874347584e-05,0.00417367941558538,-6.35139187454431e-05,0.0572011568089584,0.000298281342007516,0.937671185092263,0.000908119832513962,0.0422872820405516,-0.000264901071575047
680,0.000436359262494908,-2.66348409725488e-05,0.00418001041522528,-6.48203229935822e-05,0.0572706897483779,0.000287488656187568,0.938829835687328,0.00094785888048951,0.0423536928256558,-0.000269491430719502
681,0.000437066783616462,-2.79416137411034e-05,0.00418493350315069,-6.74872102505974e-05,0.0573125205662232,0.000281189673133575,0.940257389424085,0.000928562161523397,0.0424229277407711,-0.000283016835815116
682,0.000437286452717299,-2.8383666139908e-05,0.00418571501785891,-6.86387584332648e-05,0.0573701911397449,0.000268203084967674,0.941484840371735,0.000908898569949045,0.0424591368169564,-0.000288175831095459
683,0.000437635746947963,-2.90208588630645e-05,0.004189289930715,-7.08927400528562e-05,0.0574612054462718,0.000256718135887224,0.943696494901187,0.000886449084474552,0.0424955221631513,-0.000294053171716166
684,0.000438105260621836,-2.90636499927443e-05,0.00419431288628104,-6.97064223657066e-05,0.0575557380054516,0.000258809254173108,0.945795938453939,0.000841209819345749,0.0425392202243595,-0.000296679626853068
685,0.000438913738278634,-2.95967269021911e-05,0.00420169882227984,-7.11155339194845e-05,0.0576562555207815,0.000252985556805218,0.947551427862921,0.000874866737559186,0.0426125659011223,-0.000302415054330155
686,0.000439426067328619,-2.96175820297271e-05,0.00420708339376293,-7.12120202440272e-05,0.0577594215854373,0.000252750175634216,0.949962132683522,0.000867908362465519,0.0426605046823212,-0.00030306104444532
687,0.000439894664658933,-2.9032617190421e-05,0.004212616262943,-6.96979546828957e-05,0.0578889784660447,0.000263896954185752,0.952041382429847,0.00102643581111914,0.0426951789945905,-0.000297115782438188
688,0.00044052147843323,-2.79521919098771e-05,0.0042196379347934,-6.69590197411435e-05,0.0580092248088933,0.000265082907696441,0.953750504739785,0.000980356268111376,0.0427502440733785,-0.000285665550976114
689,0.000441068916945161,-2.80033146869293e-05,0.00422540890668317,-6.75919687718692e-05,0.0581013377478624,0.000269093218249253,0.954118746795484,0.00098581297628517,0.0428025390510246,-0.000284707273010028
690,0.000441607019295489,-2.82921417044925e-05,0.00423160355129565,-6.79147335933745e-05,0.0582023425509659,0.000284253199172189,0.955690945693131,0.00107690768433309,0.0428525517073214,-0.000288307587373352
691,0.000442302288159172,-2.83034497677359e-05,0.00423871426605086,-6.83174376512173e-05,0.0582855181524213,0.0002911744416204,0.956791028378366,0.00103450732090776,0.0429176199930962,-0.000287785594644257
692,0.000443317241420682,-2.97528458955012e-05,0.00424712119970787,-7.36197759868203e-05,0.0584037412821502,0.000284887463020838,0.957750164233305,0.000983096356392343,0.043016927806308,-0.000300336018888457
693,0.000444053655749983,-3.0876631655178e-05,0.00425239017441359,-7.76017953357611e-05,0.0584994738928334,0.000262825631947399,0.958866161263413,0.000893271839844415,0.0430928513116552,-0.000310391634830189
694,0.000444590980243023,-3.18019293610184e-05,0.00425766410803821,-7.99383999617635e-05,0.0585606943737266,0.000246008818193878,0.960435016354022,0.000826993484104416,0.043145430241447,-0.000319637360696078
695,0.000445398074933946,-3.15834281515237e-05,0.00426543122872126,-7.96262291850463e-05,0.0586580565812869,0.00024585390606304,0.961589838028304,0.000834701126819131,0.043223839203151,-0.000318101372894264
696,0.000445987394550874,-3.16066634667607e-05,0.00427141056626303,-8.00123273874149e-05,0.0587929340973517,0.000235669571300801,0.964012099512365,0.000800519497468765,0.0432790255975169,-0.000317674356480584
697,0.000446586761216181,-3.28533874226235e-05,0.00427827040622035,-8.35858644272697e-05,0.0589107446199076,0.000243561981903657,0.965508322816165,0.000745240088949503,0.0433323473093294,-0.000330174867062605
698,0.000447150363690974,-3.35254846235437e-05,0.0042855578488552,-8.52533455352188e-05,0.0590414298429973,0.000258378622844266,0.968100880455604,0.000738656467209147,0.0433776138339137,-0.00033781422690568
699,0.000447920229686144,-3.24470086286529e-05,0.00429149808530298,-8.21748222686495e-05,0.0591894625913302,0.000277636659317456,0.970288991822618,0.000857322832734981,0.0434555468335646,-0.000327108059735216
700,0.000448629575135251,-3.22273417264005e-05,0.00429739286819866,-8.24296999664846e-05,0.0592629272965583,0.000271399362893447,0.971410909175545,0.000911031022755735,0.0435270908666373,-0.000323750260700768
701,0.000449397148164673,-3.19813230001242e-05,0.00430396986378042,-8.23536103081856e-05,0.059359349446006,0.000261042931260492,0.973155302801226,0.000869564155852695,0.0436059742654659,-0.000319560987051309
702,0.000450324980370044,-3.20604403829826e-05,0.00431331656177465,-8.25186474191223e-05,0.0594681236358369,0.000257795720812645,0.974574218821612,0.000863360685512579,0.0436961493573614,-0.000319223734145926
703,0.00045094547090166,-3.12322451581982e-05,0.00432155616587757,-8.0242108153649e-05,0.0595344356517729,0.0002541988648368,0.975104862083605,0.000852829025271707,0.0437561245210169,-0.000311203922640265
704,0.00045159736498893,-3.03179915571024e-05,0.00432717032657219,-7.71470542626453e-05,0.0595697194810553,0.000258693547337928,0.976333536836346,0.000888415144098553,0.0438226943719057,-0.000303538302117646
705,0.000452497434752084,-3.12891414618313e-05,0.00433557428355447,-7.97748284945378e-05,0.0596647358221354,0.00025371048981157,0.976811858870655,0.000884805913383961,0.0439021228526191,-0.000313191030352349
706,0.000453180123511492,-3.21738180949738e-05,0.00434211525834667,-8.29080429404104e-05,0.0597860168360343,0.000244785693476341,0.977519184735744,0.000892717411512407,0.0439686347581023,-0.000321205300229989
707,0.000453818261244074,-3.25389101210165e-05,0.00434815008594798,-8.42257369484466e-05,0.0598490437293639,0.000234890388765748,0.978553044022283,0.000840769985931979,0.0440377092433878,-0.00032469453458895
708,0.000454263109653499,-3.25355185797071e-05,0.00435090582255749,-8.21214557000138e-05,0.05992694886223,0.000230217389687273,0.979249112410615,0.000878433228075533,0.0440856428622413,-0.000326338896140103
709,0.00045454624776925,-3.1268203176306e-05,0.00435442457726761,-7.85479386899324e-05,0.0600414849584647,0.000230199044918187,0.980227313554865,0.000905945771581194,0.0441215835872593,-0.000314307134884225
710,0.000454927705244902,-2.94920706122554e-05,0.00435802948437037,-7.30257352174366e-05,0.0601405639528151,0.00024041288047562,0.982161553355791,0.000931891381819883,0.0441636387944681,-0.000296904004657255
711,0.000455486577540705,-2.77050599220054e-05,0.00436479955537412,-6.87479491923862e-05,0.0602024625463068,0.000240642411319931,0.984046447817511,0.000923603590473709,0.044206089472251,-0.0002790066518498
712,0.000456250285380885,-2.64849657624917e-05,0.00437069333439567,-6.63756281609259e-05,0.0603064428590067,0.000237482148086068,0.985295371146289,0.000936262536022077,0.0442760784833584,-0.000267298231240055
713,0.000457254064686427,-2.55607792161185e-05,0.00437675516173104,-6.39616186865571e-05,0.0603901895004113,0.000234545024240426,0.986093797273314,0.00096722626105108,0.0443796760386068,-0.000257442141423089
714,0.000457813278560648,-2.66024466461926e-05,0.00438156299644149,-6.64188037944675e-05,0.0604309722693197,0.000232609662699608,0.987562037717119,0.000979091555142365,0.0444440276724965,-0.000267288010507543
715,0.000458306473490638,-2.76566573569976e-05,0.00438783303917119,-6.96065444167522e-05,0.0604957631987831,0.000227977434462398,0.989201367841801,0.000979173103064897,0.0444866201393989,-0.000276479961904059
716,0.000458888048421348,-2.84525563447185e-05,0.00439376161297834,-7.24322325805942e-05,0.0606028752250274,0.000215913556091709,0.991048541363172,0.000949048375092225,0.0445417383789262,-0.00028350344703492
717,0.000459371601403833,-2.86310686686506e-05,0.00439785690794545,-7.35885115505678e-05,0.0607132942062776,0.000201691385328091,0.992630244577247,0.000913526113035919,0.0445902535852608,-0.000284052999274454
718,0.000460002908600303,-2.96769432461325e-05,0.00440449068881392,-7.69527182191264e-05,0.0607618461654037,0.000181631716611238,0.994429437270421,0.000884302255671846,0.0446501034889833,-0.000292703620758225
719,0.00046078587333388,-3.0045801840439e-05,0.00441151202447836,-7.83955303208334e-05,0.0608163048151042,0.00016960639442373,0.995961432687615,0.000912921146453485,0.0447208597774169,-0.000294547115038967
720,0.000461638947760333,-2.88352400394158e-05,0.00441926636501317,-7.40013879435865e-05,0.0608726007540075,0.000180213749419171,0.998040082496813,0.000914083669763235,0.0448023154569334,-0.000282789478059754
721,0.000462171668025224,-2.72387246684916e-05,0.00442453683362895,-6.7840577278187e-05,0.0609260070650169,0.000186584869145274,0.99960376076413,0.000888179535706596,0.0448644801013595,-0.00027025554588244
722,0.000463170967736495,-2.59244685825074e-05,0.00443391199021798,-6.42850307166396e-05,0.0609838901642015,0.000186361512677304,1.00071045629818,0.000838082108553308,0.0449605786673088,-0.00025821562619867
723,0.000463897831965497,-2.60046885223209e-05,0.0044403217491764,-6.35145715002007e-05,0.0610321624905941,0.00019939756529161,1.00189299636712,0.000835178339896912,0.0450371099681045,-0.000260234806480121
724,0.000464513384655518,-2.60750444300792e-05,0.00444599474471562,-6.38187039551286e-05,0.06110015245517,0.000207390763398709,1.00443117298085,0.000866722843449176,0.0450978539179125,-0.000260212145037201
725,0.000464937037001735,-2.6838448517553e-05,0.00445072698950858,-6.63032456472577e-05,0.0611284096512562,0.000193407810012593,1.0063944607257,0.000918104423110003,0.0451379762631172,-0.00026701200365876
726,0.000465662350891844,-2.65086148194896e-05,0.00445738173280267,-6.57997834540528e-05,0.0611505705125681,0.000185457171255274,1.0076206429896,0.00101012949048821,0.045204088077346,-0.000263087108583837
727,0.000466227632507749,-2.72268717525691e-05,0.00446371393353371,-6.80602698897386e-05,0.0612272104391564,0.000171771439628854,1.00878664286426,0.0010963503781492,0.0452539306083416,-0.000270145104776436
728,0.000466966701552023,-2.8258382312191e-05,0.00447147197711028,-7.17334801680941e-05,0.0613306055515022,0.00015429152435197,1.00944634747595,0.00110303913019711,0.0453228265440649,-0.000280012719094447
729,0.000467830524062393,-2.88269998798302e-05,0.00447885572714007,-7.39117545731946e-05,0.0613789115060733,0.000151693507955796,1.01016948318117,0.0010719776473176,0.0454103788212427,-0.00028487651501216
730,0.000468380455786526,-2.78803312038435e-05,0.00448279065668039,-7.14050857042049e-05,0.0614400818275845,0.000164157844996524,1.01197291016574,0.00115882523722321,0.0454693105725602,-0.000275751713927679
731,0.000468945266530174,-2.70591007738023e-05,0.00448834140521563,-6.8340666982163e-05,0.061506518440077,0.000177407358964045,1.01398329762977,0.00116490370791242,0.045524077812731,-0.000268842772387064
732,0.000469382376762268,-2.64235076061078e-05,0.00449386821091919,-6.61992790310763e-05,0.0615920996641494,0.000191240822549398,1.01629172709292,0.00120945765701712,0.0455615814867605,-0.000263355297737924
733,0.000469983909280603,-2.70922618661237e-05,0.00450031452865607,-6.75659679433237e-05,0.0616831918007063,0.000187806277265393,1.0174538347549,0.0012575383411315,0.0456207010836422,-0.000271463259940587
734,0.00047073093821251,-2.8109866055138e-05,0.00450683672667242,-7.00387634244855e-05,0.0617605025771691,0.000192290312189977,1.01826819208786,0.00120793717414863,0.0456965849717583,-0.000282759846292127
735,0.000471340272541563,-2.88537403266028e-05,0.00451113871735968,-7.27325289500319e-05,0.061826563459388,0.000189767076368991,1.01963378624034,0.00121557013806386,0.0457704656272416,-0.000290671803242566
736,0.00047178547110666,-2.85288421391117e-05,0.00451653793142693,-7.24878699283151e-05,0.0619073935839927,0.000189532575516964,1.02087384948891,0.0011798964491304,0.0458189983258207,-0.000287471409056512
737,0.000472050547927374,-2.74284143091063e-05,0.00452053131921373,-6.96308115216238e-05,0.0619733703477474,0.000192841756058904,1.02250143996456,0.00118485361982793,0.045849059968989,-0.000277521760362318
738,0.000472604957559318,-2.65538155492895e-05,0.00452682484042875,-6.73402039921006e-05,0.0620648635292035,0.000180747456732333,1.02418098360393,0.00115826906272037,0.0459061836890301,-0.000269630480646168
739,0.000473246884578011,-2.6618417800705e-05,0.00453266448071277,-6.89062344236412e-05,0.0621847548554871,0.000164560526454944,1.0255974904272,0.00109170357241672,0.0459719276595167,-0.000269120772461615
740,0.000474141960822045,-2.72197306833065e-05,0.0045392268179515,-7.23776947987951e-05,0.0622976375749797,0.000148782655195831,1.02705506039967,0.001071693074478,0.0460730031814683,-0.000271886401119045
741,0.000474615384332697,-2.80448528885036e-05,0.00454537880598293,-7.52476847324176e-05,0.0624211151219682,0.000135811831551506,1.0278652985761,0.00109746388773137,0.0461173585229408,-0.000277975149595309
742,0.000475313738369581,-2.80317943409912e-05,0.00455086539476546,-7.44382078716365e-05,0.0625168984059509,0.000150983629583415,1.02963511539506,0.00109653567714897,0.046193909571944,-0.000278876486077572
743,0.000475861337130884,-2.76228840995103e-05,0.00455511202252097,-7.24327487119227e-05,0.0626090802986801,0.000163645520601029,1.03111107008468,0.00109096637201594,0.0462574470742493,-0.000274506040659988
744,0.000476495142188124,-2.5895051910242e-05,0.00456209526881517,-6.68906099628233e-05,0.0626761797003423,0.000175533757495965,1.03202468545852,0.00109557364562722,0.046327266332235,-0.00025711987192962
745,0.000476918446794876,-2.53021879759841e-05,0.00456778966637062,-6.48692732667112e-05,0.0627425407041008,0.000181051165937783,1.03357019430156,0.00106135095176797,0.0463793606325103,-0.000251469468854478
746,0.00047742395896863,-2.47844625781987e-05,0.00457147073889429,-6.25099929659771e-05,0.0628289016563465,0.000196757980639393,1.0347201060651,0.00106060872182387,0.0464341982174247,-0.000246366885082503
747,0.000478117828490716,-2.48622772756092e-05,0.00457697848085769,-6.16790280375647e-05,0.0629192024449238,0.000212345140694679,1.03639301576434,0.00112602400944647,0.0465074496425769,-0.000248712674541767
748,0.000478719736291869,-2.4619468050436e-05,0.0045834052859965,-6.0087947593638e-05,0.0629783569814178,0.00023015963101239,1.03730805314338,0.00117842896568824,0.0465707268006945,-0.000248266982283297
749,0.000479250892668357,-2.4192746277957e-05,0.00458946513277767,-5.83984600206477e-05,0.0630247020179269,0.00023589994543102,1.03810054461554,0.001106110859592,0.0466166885153471,-0.000244456163261411
750,0.000479931303597925,-2.44302338772485e-05,0.00459446588420048,-5.93682345607012e-05,0.0631173461872974,0.000226727545928015,1.03949954118843,0.0010761022263356,0.0466875834541769,-0.000246262749763306
751,0.000480708091170076,-2.43027530164956e-05,0.00460112471690268,-5.98714773962483e-05,0.0632368065322218,0.000217506530683114,1.04169813149912,0.00105427460117063,0.0467670649885247,-0.000242671440016744
752,0.000481343017086656,-2.26999116015736e-05,0.00460783216632671,-5.58640461144459e-05,0.0633075850277227,0.000210838683094019,1.04392083525879,0.00100226831675659,0.0468263791941365,-0.000225776149143066
753,0.000482092377067119,-2.19882845112959e-05,0.00461364087401772,-5.38990620195342e-05,0.0634021042713158,0.000206908353407924,1.04543449897564,0.000958789717022947,0.0469092596682327,-0.000218673440895171
754,0.00048265246979398,-2.17423673629834e-05,0.004617254796976,-5.37180187306925e-05,0.0634743030309306,0.000200657310596109,1.04605021399437,0.00092687447912202,0.0469755711865236,-0.000215518973669157
755,0.000483380764897607,-2.17637329362013e-05,0.00462315676551619,-5.42973856570956e-05,0.0635390203097339,0.000192776000840443,1.04750665328636,0.000923941431164149,0.0470546673466527,-0.000215447210180708
756,0.000483686646557132,-2.19742973986403e-05,0.00462811856694822,-5.48495322891411e-05,0.063591944703895,0.000186628506779053,1.04797899077279,0.0009358746140242,0.0470806537686731,-0.000218170976507027
757,0.000484344740895545,-2.23577918387044e-05,0.00463388190405286,-5.47032470999767e-05,0.0636590706561252,0.000193711906993994,1.04909152041587,0.00092195049990621,0.0471434717712565,-0.000223953829365972
758,0.000485009855139546,-2.31020548024785e-05,0.00463922822070709,-5.73618121468834e-05,0.0637327039027607,0.000191541721128679,1.05098846180078,0.000847453915471839,0.0472108003761581,-0.00023069233982664
759,0.000485678905103962,-2.39335020476066e-05,0.00464477171183679,-5.94023598242323e-05,0.0638312833446468,0.000200512807433466,1.05339587049726,0.000789612405015574,0.0472770910587675,-0.000239908031199822
760,0.000486314291101588,-2.48101582373353e-05,0.0046512902814229,-6.11678006949188e-05,0.0639107763610544,0.000204133527415968,1.05517105037198,0.000726444781050903,0.0473364515974046,-0.000249715329501834
761,0.000486881896761484,-2.50460470609718e-05,0.00465579398285721,-6.10572262343278e-05,0.0640064662680248,0.000205433325346936,1.05658166088601,0.000696392399934882,0.0473886721648807,-0.000252927751679126
762,0.000487360655892394,-2.61437388366369e-05,0.00466087908018887,-6.44862140007319e-05,0.0641317588733149,0.000204036926519056,1.05788435494655,0.000626546203190178,0.0474330606570326,-0.000262871603559513
763,0.000488115447513682,-2.74045906837689e-05,0.00466790467481224,-6.8790901276446e-05,0.0642526742772564,0.000197095560006799,1.05854543518779,0.000558530566072083,0.0475083649760362,-0.000272994148287843
764,0.000488925465871304,-2.82839726965438e-05,0.00467727229965174,-7.14530389619098e-05,0.0643499541415807,0.000186468691927411,1.05902754349459,0.000494186530716108,0.0475820818367258,-0.000280516954945352
765,0.000489510455128526,-3.01093221082286e-05,0.00468479315197864,-7.55642449192608e-05,0.0644161942504563,0.000173937052524515,1.05999866860279,0.000510993325555589,0.0476378931127574,-0.00030011329609957
766,0.0004900361135588,-3.09629801118442e-05,0.00468957978427202,-7.8492027809557e-05,0.0644640124092932,0.000163420249512256,1.06143691643104,0.000432806244714003,0.0476913740774136,-0.000307997020356943
767,0.000490510636630781,-3.1805179867582e-05,0.00469463252609607,-8.21146895631431e-05,0.0645438538784981,0.000146099148752656,1.06225544404495,0.000500189458973286,0.0477381411406203,-0.000315112457084853
768,0.000491034058875995,-3.16210707051568e-05,0.00469846540348981,-8.27710069569903e-05,0.0645792251198393,0.000145760507279622,1.06429911766436,0.000524349027005467,0.0477919034511668,-0.000313165061908348
769,0.000491699722928991,-3.11115348097892e-05,0.00470443441123963,-8.10341510002605e-05,0.0646208661483183,0.000158270079773104,1.06545109705869,0.000569150685903368,0.0478502434903159,-0.000308477288590132
770,0.000492379646649822,-3.07992355076215e-05,0.00471037232759696,-7.96111531102599e-05,0.064670915734339,0.000169882972260116,1.0673631797568,0.000535574254663488,0.0479109346898916,-0.000305728027362321
771,0.000493001116476505,-3.07818465375993e-05,0.00471641679128484,-7.87936053135766e-05,0.0647196502841155,0.000181374113204224,1.06894555458451,0.000571606323313213,0.0479683802070734,-0.000306077057585291
772,0.00049376217472082,-3.03018903923897e-05,0.00472285829740784,-7.49642964133841e-05,0.0648021556752404,0.000201167670730527,1.07033809673407,0.000509787690863012,0.0480301160077569,-0.000303522738004399
773,0.000494564086685062,-2.89838166587911e-05,0.0047278142141552,-6.80627111118751e-05,0.0648801639033706,0.000221854041615515,1.07162802482337,0.00044795497170878,0.0481058706418193,-0.000294055003263739
774,0.000495371264550117,-2.74017537124067e-05,0.00473548144711705,-6.23334375667087e-05,0.0649655964090411,0.00023136030652095,1.07296438471088,0.00040410866314613,0.0481811697173348,-0.000279811645787445
775,0.000496349772688758,-2.7104212349984e-05,0.00474490930074252,-6.05119715744755e-05,0.0649962626009173,0.000227374291533655,1.07468845236247,0.000447529063028091,0.0482670551866044,-0.000277628761488703
776,0.000497314870735365,-2.6508851295321e-05,0.00475337840383584,-5.76378250064464e-05,0.0650651448737438,0.000229663293288784,1.07711327737702,0.00053990820479451,0.048354670221605,-0.000273269585357324
777,0.000497877207676458,-2.64751847990111e-05,0.00476112842702478,-5.69688489230381e-05,0.0651800388584717,0.000247217889099521,1.07907677496624,0.000618987195513294,0.0484063158930856,-0.000273643284810416
778,0.000498525413793107,-2.70095319317298e-05,0.0047684709156587,-5.87805642260083e-05,0.06531787687235,0.000245475923976456,1.08148858470569,0.000661556058020902,0.048468494560306,-0.00027863025228859
779,0.000499079520770089,-2.66411614761654e-05,0.00477511598870769,-5.73092211657398e-05,0.065401102734995,0.000254194830582373,1.08357168553124,0.00062598743882138,0.0485156469067692,-0.000276853668026631
780,0.000499612779794936,-2.55457951852338e-05,0.00478144708714242,-5.45428374101014e-05,0.0654975856067107,0.000254774350696511,1.08456229334722,0.000625134664672343,0.0485587208890131,-0.000265574825733315
781,0.000500434003064902,-2.58971416439309e-05,0.00478958517181836,-5.60029890439902e-05,0.0655732462160078,0.000247668044424107,1.08601240544404,0.000647889047732925,0.0486319934032495,-0.000267648741265734
782,0.000501122401862032,-2.56779546577288e-05,0.0047953812173889,-5.46575248242282e-05,0.0656777950861933,0.000254269563022725,1.08736400390742,0.000688925976621631,0.0487028968201037,-0.00026629559750773
783,0.000501906731209179,-2.45894541748522e-05,0.00480415694416935,-4.99294751901268e-05,0.0658183520500033,0.000277367956721285,1.08830539872919,0.000718599618320976,0.0487756336396127,-0.000256811652149194
784,0.000502755099169885,-2.30634642686872e-05,0.00481380707714779,-4.40583061956464e-05,0.0659613708398618,0.000300447085505708,1.08875882653502,0.00073478083763592,0.0488562860843315,-0.000243808107019257
785,0.0005035055771717,-2.34279061686664e-05,0.00482165550691249,-4.38772202661128e-05,0.066071638691772,0.000303563184281995,1.09039656057876,0.000709108401215857,0.0489268851462931,-0.000248048868352719
786,0.000504372183177205,-2.29316060698132e-05,0.00482835110949947,-4.2115893637325e-05,0.0661555661407008,0.000303117707689318,1.0922248088966,0.000733853637025242,0.0490146252314343,-0.000243448623030757
787,0.000505373111953934,-2.3188306379183e-05,0.00483430789381408,-4.31011533159221e-05,0.0661650034298694,0.000307428206551676,1.09254307755004,0.000723401141049441,0.0491246549281408,-0.000245968720436078
788,0.000505896896856938,-2.39462005078018e-05,0.00483982936963775,-4.38907028050378e-05,0.0662535602863008,0.000309661015797135,1.09319771705242,0.000717860528630901,0.0491726622399307,-0.000255585241453852
789,0.000506796487620081,-2.25179485543989e-05,0.00484734733136044,-4.11829305312594e-05,0.0663433438179373,0.000309191011571098,1.09426026885597,0.000694347996672668,0.0492579014269447,-0.000240733666059102
790,0.000507640900292924,-2.07723066549612e-05,0.00485554471284655,-3.56262533328717e-05,0.066432628755319,0.000330530265215817,1.09522661964721,0.000683723951720157,0.0493333111275707,-0.000224993289848232
791,0.000508343618596099,-2.08601642755347e-05,0.00486065905048415,-3.44655466659228e-05,0.066586372518874,0.000361089663897522,1.09600117506241,0.00070749097828511,0.0494021548506815,-0.000226954464816979
792,0.000509065396305857,-2.10687205176731e-05,0.00486740143669749,-3.41429023616105e-05,0.0667019586221963,0.000361899045557104,1.09742868690294,0.000689781051503616,0.0494754580522314,-0.000230188840869268
793,0.00050968641557088,-2.08799447966557e-05,0.00487331462762724,-3.47275510264672e-05,0.0667512248367928,0.000352422227221295,1.09891360204624,0.000706944977523829,0.0495368388559127,-0.000226748390627832
794,0.000510605738974487,-2.05474401927824e-05,0.00488098777738363,-3.43119642879026e-05,0.0668022469712619,0.000338181715907024,1.0998716174288,0.000666846741467082,0.0496294793438686,-0.000222616551894724
795,0.000511692869937126,-2.1616986519312e-05,0.00488961267356129,-3.91274909706793e-05,0.0668929325816478,0.000299348201617764,1.1010550853452,0.000591878259633093,0.0497413597414588,-0.000231467832417806
796,0.000512577278960042,-2.18452413888538e-05,0.00489666650093615,-4.18082906960399e-05,0.0670126749388168,0.000279323971249347,1.10310487345248,0.000516959104654533,0.0498417350788435,-0.000232640851425578
797,0.000513426482608531,-2.23026253778685e-05,0.00490420231073568,-4.45190308870161e-05,0.0671339869355243,0.000259082143104508,1.10387876140629,0.00047092618742437,0.0499211806139594,-0.000236157101295662
798,0.000514710374659579,-2.21401672745213e-05,0.00491508929034707,-4.53750697009462e-05,0.0672772629174135,0.000246339143185965,1.1054364740041,0.000413153019507152,0.0500448299382713,-0.000233541895674199
799,0.000515716581723238,-2.23431997503768e-05,0.00492252614168056,-4.68726545266847e-05,0.0673840195820462,0.000249189201262278,1.10779053063341,0.000398203450875811,0.0501497467292018,-0.000235552307236566
800,0.000516872391969976,-2.17106653941572e-05,0.00493178820154464,-4.51792672418686e-05,0.06747100336475,0.00026013718354857,1.10894641548859,0.000375226093017097,0.0502578565404816,-0.00023034092223922
801,0.000517847517935454,-2.15407725650759e-05,0.00493752559142102,-4.49188794184965e-05,0.0675830346953005,0.000268055048884357,1.11014767288565,0.000342210087743524,0.0503549582594563,-0.000229169096587238
802,0.000518498928939526,-2.18767644199922e-05,0.00494229528100077,-4.67314958649005e-05,0.0676790191473047,0.000264340713871389,1.11193323289282,0.000285647838909153,0.05043356204298,-0.000231212977198845
803,0.000519023440118962,-2.21002249225748e-05,0.0049488959888793,-4.70973845005432e-05,0.0677515719030851,0.000269258484676596,1.11355199480484,0.000301911484772053,0.0504837857745003,-0.000234712037117544
804,0.000519601108880232,-2.21469464980951e-05,0.00495513451434959,-4.76531089346076e-05,0.0678524886231435,0.000276994946327792,1.11488555121083,0.000278294679570545,0.0505362494798653,-0.000233941869466469
805,0.000520240133636709,-2.22419276665843e-05,0.00496203595670417,-4.84436311717507e-05,0.067976043959316,0.000266501343488234,1.11684694485233,0.000211925469102991,0.0505983859994258,-0.000233666071949439
806,0.000521565614477291,-2.07718499815332e-05,0.00497577179803199,-4.4790983364296e-05,0.0680572001839167,0.000267634060908452,1.11776110954316,0.000175057277291332,0.05072038825564,-0.00021836875034723
807,0.000522697958522212,-1.84375732654232e-05,0.00498191586221339,-4.07179404931984e-05,0.0681812525323288,0.000263957137000702,1.11846312565645,0.000140877363131151,0.0508538885413908,-0.000191280031585089
808,0.000522835658008267,-1.93406894265563e-05,0.00498385521243622,-4.39155186202839e-05,0.0682362632687553,0.000257993720159716,1.11873327070468,4.36119819958882e-06,0.0508813793377098,-0.000197086773477876
809,0.000523660514059574,-1.88311396966807e-05,0.00499252466959607,-4.04246948984352e-05,0.0683275407679638,0.000284250034209999,1.11916850036546,-1.91055685759565e-05,0.0509620884512915,-0.000192750510752063
810,0.000524377342351696,-1.76926117007714e-05,0.00500100624977423,-3.45637481220501e-05,0.0684444654461695,0.00030211969502274,1.12083422336982,5.64992425837231e-05,0.0510154048388806,-0.000185849542609545
811,0.00052509860626544,-1.81331102098677e-05,0.00500666014491395,-3.67047557881692e-05,0.0685553271174679,0.000290211790604181,1.12298788980674,3.32059884249041e-05,0.0510797970942759,-0.00018946677166331
812,0.000526088448513136,-1.79035598198387e-05,0.005014394335561,-3.69782533909385e-05,0.0686406237063879,0.000285396637702976,1.12487312019909,-2.71757495748377e-05,0.0511747457967878,-0.000187287209159579
813,0.000526607372609413,-1.7572000903193e-05,0.00501887159772325,-3.60210737125398e-05,0.0687202436522252,0.000295232551166274,1.12638208987165,2.56042529713739e-05,0.0512244455389853,-0.000184578752071794
814,0.000527220048976308,-1.74516999639532e-05,0.00502462911139196,-3.66961794708249e-05,0.068770786671009,0.000292682307480197,1.12883701680651,6.97913199921154e-05,0.0512844734882767,-0.00018279175372748
815,0.000528003895054465,-1.63881470597451e-05,0.00503211226324819,-3.48821155327653e-05,0.0688664300502685,0.000300416585651974,1.13199922712883,3.8298206934964e-05,0.0513559419173056,-0.00017077900286985
816,0.000528378411549797,-1.6038306715917e-05,0.00503519869832562,-3.51910170674859e-05,0.0689428255929093,0.000293858084073162,1.13395730234429,-3.71805095206173e-05,0.0514018304757453,-0.000165263132411002
817,0.000528701890416612,-1.62473006973056e-05,0.00503914611320685,-3.653044225583e-05,0.0690480048418022,0.000285472534746316,1.13643592837041,-2.5435463065261e-05,0.0514401795051395,-0.00016616717395079
818,0.000529279248525799,-1.67191746926468e-05,0.00504470102981055,-3.76935846739435e-05,0.0690971761264043,0.000286541451609019,1.1376787473952,-9.08439176909795e-06,0.0515008682418029,-0.000170095327122337
819,0.000530037217845019,-1.58883374240121e-05,0.00505011722982418,-3.64490174369366e-05,0.0691674311963267,0.000286405229527125,1.13934731182031,1.18173238522469e-06,0.0515854738506957,-0.000160066870328436
820,0.000530416196798777,-1.53595569873035e-05,0.00505129305525926,-3.51709603188633e-05,0.0692485414888514,0.000291798065815906,1.1410724246797,-5.93984506231594e-05,0.0516319420094647,-0.000153175573440393
821,0.000531209816670111,-1.38143682532047e-05,0.00506121106581401,-2.84202585548019e-05,0.0693139597996358,0.000307116922842128,1.14278135146305,-0.000107232811827897,0.0516991795491055,-0.00014065839961986
822,0.000532339089513765,-1.24249379529319e-05,0.00507087538575408,-2.4821693930359e-05,0.0693237496114026,0.00031075709536664,1.14376212897901,-9.84148940284656e-05,0.05179302686469,-0.000128711567432042
823,0.000533026828475431,-1.11003576886146e-05,0.00507744806692624,-2.06182365505466e-05,0.069355759871908,0.000300534423932863,1.14487429627943,-0.000122943049939482,0.0518572331585309,-0.000116858272092386
824,0.000533156590888587,-1.07074394316607e-05,0.00507967433880941,-1.99485682146799e-05,0.0694441175485284,0.000283570687311727,1.14683115906165,-0.000121314322187607,0.0518772827324954,-0.000113265835250071
825,0.00053359085555554,-1.04357063598872e-05,0.00508354535512661,-1.99994457913413e-05,0.0695177803132461,0.000277900179312722,1.14806413660816,-8.09410926164589e-05,0.051929446171275,-0.000109616073851499
826,0.000534001564459297,-1.05075831384751e-05,0.00508826710301082,-1.98726129006382e-05,0.0696321709144102,0.000282414209048504,1.14990820017671,-2.27796758321108e-05,0.0519714787308747,-0.000110384660098243
827,0.000534399237294019,-1.01485327377456e-05,0.00509219064987273,-1.87793235514518e-05,0.0697315037444819,0.000288185353324999,1.15174446671076,4.36943713978436e-05,0.052022125349682,-0.000106393574225697
828,0.000534943438015583,-9.5490626288359e-06,0.00510046077416264,-1.64353205392353e-05,0.0698475820121784,0.000289189903084047,1.1533502045795,1.81917978290935e-05,0.0520684275805752,-0.000100265789995557
829,0.000535656224176058,-9.32845284343751e-06,0.0051107039830965,-1.56953708161804e-05,0.0699307456188942,0.000279491707983354,1.15484163310865,2.47265803861025e-05,0.0521274586393477,-9.85434571125693e-05
830,0.000536365486878887,-8.81126159122159e-06,0.00512230121477624,-1.35856168104959e-05,0.0700492510910753,0.000287648694627912,1.15617892918956,7.2630001556399e-05,0.052185271869474,-9.39551888151519e-05
831,0.000537160325962082,-7.73742270437422e-06,0.005130728888225,-1.01098659148253e-05,0.0701546953785093,0.000313133201609156,1.15744598655673,7.51793770482174e-05,0.0522622843960792,-8.23962253599248e-05
832,0.000537766783098993,-7.37800565406098e-06,0.0051359691198536,-9.78078600879566e-06,0.0702073922622899,0.000308998733673321,1.1577234358858,8.22544749319121e-05,0.0523241724011498,-7.70921907028038e-05
833,0.000538449462022849,-8.44313671140198e-06,0.00514208801643619,-1.30945962740536e-05,0.0702446375841818,0.000304350952810993,1.15899238972769,0.000130241218303287,0.0523899296748851,-8.67881031600477e-05
834,0.000539253547897634,-7.00796024744836e-06,0.00515008288473521,-8.2929789904884e-06,0.070303849870459,0.000333909375289331,1.16028735264802,0.000166836458416407,0.0524720215170065,-7.26526877365757e-05
835,0.000539817572397901,-6.84542684087606e-06,0.0051554273041732,-7.12181358804621e-06,0.0703855273328924,0.000340479772249166,1.16090163516491,0.000123671744877841,0.0525322212006596,-7.12809928136341e-05
836,0.000540262194575955,-6.55110722839556e-06,0.00516024521870185,-5.73743823081795e-06,0.0705003097768777,0.000341323160207595,1.16248000997834,0.000126611335694931,0.0525822703457109,-6.99196594212459e-05
837,0.00054084706237187,-6.82751004259803e-06,0.00516518735054155,-6.83939792174617e-06,0.0706013893295107,0.000336909070522011,1.16384365306761,0.000143115680058275,0.0526417950294184,-7.1714038470088e-05
838,0.000541530624655511,-6.81041162699129e-06,0.00517092755623701,-7.14934298684273e-06,0.0706533224758936,0.000340739881302636,1.16574996468343,9.18254178961161e-05,0.0527166361153792,-7.09863149198203e-05
839,0.000541975430461924,-6.73839214874431e-06,0.00517621587835352,-7.05388665099623e-06,0.0707036722289394,0.000341677230701135,1.1681993327195,8.59801557588521e-05,0.0527577995667933,-6.97183603326754e-05
840,0.000542306836367034,-7.33230119415127e-06,0.00518109133367685,-8.85144783423296e-06,0.0707076267115651,0.000332011160151475,1.17019737190247,0.000107396537912648,0.052781183138611,-7.4820893689615e-05
841,0.000542732771121749,-8.11310328191025e-06,0.00518650331341541,-1.09865572944033e-05,0.0707507358142553,0.000333129183159041,1.17143621873179,0.000228582765271675,0.0528164804065236,-8.218424569507e-05
842,0.000543362002726845,-9.80222951272448e-06,0.0051924225193559,-1.76067689856969e-05,0.0708059966244383,0.000313062443634199,1.17234382532288,0.000301955424754752,0.0528792350998865,-9.64045202765449e-05
843,0.00054387678811113,-1.0704111207034e-05,0.00519663256345589,-2.09342378818275e-05,0.0708946873151479,0.000300686589338802,1.17425902204132,0.000320775333263187,0.0529331971416456,-0.0001042761296658
844,0.000544192693480798,-9.89513901436529e-06,0.00520000093915629,-1.74733250062474e-05,0.0709678442552624,0.000312542057268454,1.17649697794188,0.000322536745167312,0.0529645996446553,-9.80104414623588e-05
845,0.00054447545496091,-8.75708070130566e-06,0.00520395035729637,-1.40908143588486e-05,0.0710407850138865,0.00032736375585235,1.17783639236946,0.000394118118688501,0.0529832101790653,-8.68038438845133e-05
846,0.000545028319830198,-7.98178302770755e-06,0.00521020634680639,-1.16990077286768e-05,0.0710922315801691,0.000324029916452276,1.1783455726326,0.000444892222828015,0.0530295551677577,-7.90946097628888e-05
847,0.00054556653393762,-7.73343117561958e-06,0.00521499538202045,-1.11794926927978e-05,0.0711435534314358,0.000316208922857924,1.17928073421686,0.000385012480657306,0.0530810260884958,-7.69841178075477e-05
848,0.000546198804980018,-5.80300293918422e-06,0.00522086563489058,-5.6678534325316e-06,0.0712277942897986,0.000327607480746157,1.18026688641634,0.000459996199642304,0.053139270595593,-5.81309581851662e-05
849,0.000546789274614281,-4.81950450463347e-06,0.00522438346892588,-2.90186619072403e-06,0.0713274941446743,0.000331106266891783,1.18125921778072,0.000454391550269898,0.0532016103435584,-4.9072260586279e-05
850,0.000547267199390858,-4.95606468925942e-06,0.00522830115904544,-3.9418199792491e-06,0.0714009569017607,0.000320311365206916,1.18270505484407,0.000355739649601844,0.0532507670081822,-4.993065095812e-05
851,0.000547797910217918,-5.89869921511503e-06,0.00523233738671818,-7.92093991797101e-06,0.0714435917651198,0.000312761132927209,1.18418089712499,0.000311486730676483,0.0533034739936819,-5.65267178125989e-05
852,0.000548292081291319,-6.32289136432902e-06,0.00523686087071656,-9.77289408008328e-06,0.0715136162624714,0.0002916478398786,1.18696583018251,0.000241473111625772,0.053352881939953,-6.08494066179305e-05
853,0.000548870938723053,-7.04504407214112e-06,0.00524211297964988,-1.23556446610986e-05,0.0715649383827646,0.000290376130943844,1.18972718353127,0.000216398071137786,0.0534099774405966,-6.82220879590813e-05
854,0.000549470467091572,-8.44314522285061e-06,0.00524742011379388,-1.62073862690433e-05,0.0715996123169021,0.000284131667139548,1.19095809101719,0.000137528786978949,0.0534696844119997,-8.15648603055059e-05
855,0.000550126482324422,-9.86935567130728e-06,0.00525399438056244,-2.00730745212928e-05,0.0716715177183198,0.000273091932417956,1.19411708873321,0.000111735233431335,0.0535290105930825,-9.60505209790273e-05
856,0.000551108424687256,-1.23572682527076e-05,0.00526148086406565,-2.8172498871917e-05,0.0717428646795979,0.000252777675075417,1.19720226655032,8.74239012982041e-05,0.0536289889326614,-0.000119365800159171
857,0.000552121549434955,-1.41094148327492e-05,0.00527093630047515,-3.34141698816723e-05,0.0718111082630529,0.000241878947534432,1.19913003832944,0.000136452392949412,0.0537270251322432,-0.000136353234227614
858,0.000552899998416429,-1.49491359004163e-05,0.00527870848398084,-3.65895502079628e-05,0.0718712649423324,0.000228683271302253,1.1998806021224,0.000141993309285292,0.0538080915543145,-0.000144342206648119
859,0.000553353322608934,-1.29082609925564e-05,0.00528228897160692,-3.11868236671828e-05,0.0719231313990739,0.000243875414681057,1.20178843216954,0.000204066964300287,0.0538605505454883,-0.000124388944051654
860,0.000553604521623827,-1.30447582835475e-05,0.00528527888859275,-3.17640498653341e-05,0.0719967635195566,0.000243227777031344,1.20462160591973,0.000173878621693751,0.0538858477346861,-0.000124872518115924
861,0.00055413409472109,-1.36905977634597e-05,0.00529075694307132,-3.48843419220305e-05,0.0720932972837124,0.000241240642432218,1.20661245947515,0.000158623798216918,0.0539348236379928,-0.000129338560679143
862,0.000554728701223629,-1.31426086302765e-05,0.0052969372815136,-3.29159311318702e-05,0.0722087885835121,0.00025315342187243,1.20773217259372,0.000126014226003711,0.0539908567281626,-0.000124122603463818
863,0.000555251229257815,-1.20880715521177e-05,0.00530178743554021,-2.92104015624162e-05,0.0723189798804773,0.000274021485007269,1.20900187271401,0.00015839851901003,0.0540483676783354,-0.000115138760919783
864,0.000555688150175366,-1.20174127924583e-05,0.00530576134531334,-2.8253687428337e-05,0.0723971607177915,0.000275757435651004,1.21114195925615,0.000117840939919834,0.0540952190553054,-0.000116027460232882
865,0.000556391153935529,-1.15711753065277e-05,0.00531257393627693,-2.63064899260682e-05,0.0725041410675662,0.000276572461867661,1.21334857733126,0.000171190122038439,0.0541671449581927,-0.000113019836173302
866,0.000556916904622264,-1.20688923684968e-05,0.00531726333849598,-2.77076113059639e-05,0.0725974480055012,0.00027009359767814,1.21664423434913,0.000173616169439852,0.0542278441870286,-0.000117771472590668
867,0.000557383360189413,-1.27579140945961e-05,0.00532037495598164,-2.93399139323139e-05,0.0726645939507937,0.000280496415440239,1.2200349598473,9.06387195525074e-05,0.0542792992297415,-0.000124584596915198
868,0.000557705824170122,-1.23708223415544e-05,0.00532364516903327,-2.72037390241321e-05,0.0727365228780405,0.000306548266277562,1.22146792993859,7.42701367414083e-05,0.0543201614733498,-0.000122456560914765
869,0.000558421369290984,-1.28524438226919e-05,0.00533086784812687,-2.83008231208101e-05,0.0728298852608456,0.000312120588420135,1.22339480202794,3.10985739664142e-05,0.0543901338107933,-0.000127562041979893
870,0.000559038407696022,-1.38320506707836e-05,0.00533756091056023,-3.06920202124394e-05,0.072961341454673,0.000321231903123685,1.22695112895546,-4.86217591843223e-05,0.0544447675184739,-0.00013799482600422
871,0.000559675590346447,-1.38277582915548e-05,0.00534477358128364,-3.06446797161648e-05,0.0730556559636211,0.000339301671876734,1.22882701780741,-5.90674328740344e-05,0.0544993591428007,-0.00013818117827818
872,0.000560419070516414,-1.35468327880876e-05,0.0053520477491649,-2.95399705642174e-05,0.0731619602449609,0.000355227531226256,1.23032173157965,-6.80084568045511e-05,0.0545677465738439,-0.000135291484394845
873,0.000560911306412779,-1.31123327965454e-05,0.00535779564617917,-2.84470445252858e-05,0.0732659481681213,0.000359198481843559,1.23074362399603,-0.000109987714846451,0.0546125493022681,-0.000131669461856022
874,0.000561488988883591,-1.2266848346129e-05,0.00536502090397231,-2.63962577122148e-05,0.073399023802446,0.000356990052674451,1.23344450507833,-0.000118540314195138,0.0546621494420394,-0.000123417764659921
875,0.000562333778204811,-1.16484319956771e-05,0.00537474143320433,-2.38019036999053e-05,0.0734805937033391,0.000370070088884916,1.23576445073233,-0.000103884505312999,0.0547394397581312,-0.000118127350500881
876,0.000562986343186943,-1.12389183333557e-05,0.00538064085205893,-2.23613132076295e-05,0.073565171070082,0.000365255566260153,1.23575664782027,-0.000119602985954162,0.0548041836608569,-0.000114903108496628
877,0.000563673311737648,-1.15288672161517e-05,0.0053878884881789,-2.40925826212287e-05,0.0736893120119238,0.000360083480359432,1.23631472219796,-0.000186585915585816,0.0548631507511755,-0.000115676060750226
878,0.000564843380021049,-1.14190708808764e-05,0.00539914197080779,-2.43589935729144e-05,0.0737519484768099,0.000348125278611217,1.23888376024315,-0.000238371534855214,0.0549652610516437,-0.000112502221120352
879,0.000565864181945606,-1.18953819193875e-05,0.00540696195875246,-2.59237537426038e-05,0.0737883800754203,0.000331024704338165,1.24056988927431,-0.0001842653219571,0.0550651662604653,-0.000115642263673954
880,0.000566646712523614,-1.18325513906334e-05,0.00541355876679739,-2.51429862790933e-05,0.0738773561424906,0.000334424668034842,1.2415003776827,-0.000177839809273886,0.0551513864556966,-0.000116996123645186
881,0.000567498098162199,-1.15000968313393e-05,0.00542096381558433,-2.52140011271565e-05,0.07394773806947,0.000339912652285991,1.24392422350312,-0.000122671369642722,0.0552285502851619,-0.000111501457535155
882,0.000568297154834663,-1.15107018376109e-05,0.00542708014926397,-2.50028896765461e-05,0.0740010650059813,0.000336506355637885,1.24478262425835,-0.000110700285682774,0.0553128149565676,-0.000112147851829409
883,0.00056886154528917,-1.19634499204257e-05,0.00543414397004139,-2.68850824064833e-05,0.0740805652658992,0.000333491448106941,1.24566584241383,-0.000155857009646724,0.055352786839916,-0.000115492524257345
884,0.000569470022488901,-1.19241399073583e-05,0.0054394407110935,-2.66807458555102e-05,0.0741604799554165,0.000324193584210542,1.24829865921703,-0.000232844377446515,0.0554043562164009,-0.000115210764461148
885,0.000570065133871748,-1.26355847298335e-05,0.00544444518390416,-2.88775960608946e-05,0.0742129003037996,0.000307918602006071,1.25104451681927,-0.000233582482482152,0.0554571026662328,-0.000122932168968345
886,0.000570631528605879,-1.32949734067665e-05,0.00544934604130895,-3.14187074151929e-05,0.0742762774397156,0.000302954519526681,1.2525085844825,-0.000173802670007132,0.0555131137065987,-0.000128896741323334
887,0.000571202467861542,-1.30789171713277e-05,0.00545507966377493,-2.99762604493547e-05,0.0743670570326932,0.000315710351698132,1.25507935500565,-0.000101034598375123,0.0555671158328461,-0.000128639397794994
888,0.000571746276370884,-1.35970787761877e-05,0.0054608441335634,-3.03965772950506e-05,0.0744838309172485,0.00031772189694894,1.25551889350129,-6.70950883456916e-05,0.055620343437342,-0.000135294986414906
889,0.00057249113078003,-1.35098282429526e-05,0.00546729995212009,-3.04770244358772e-05,0.0745657724721755,0.0003222436685617,1.25638813940378,-6.80415094471237e-05,0.0556869662806358,-0.000135115776466761
890,0.00057323101164007,-1.37803056919968e-05,0.00547269721724733,-3.11364845251248e-05,0.0746481842520775,0.000324968919895706,1.25852446620999,-5.28273581990334e-05,0.0557571802562935,-0.000137442185095969
891,0.000574027321217651,-1.2806406543247e-05,0.005479482491962,-2.69792104663913e-05,0.0747351779120817,0.000348185062537097,1.25965891388404,-5.5874665152131e-06,0.0558359530056545,-0.000129778547079845
892,0.00057424511281817,-1.29941551019337e-05,0.00548156677312519,-2.64785297308498e-05,0.0748060953807868,0.000356030222266784,1.26064366697695,-7.59789712503667e-05,0.0558619011184181,-0.000134379775535501
893,0.000574929818266732,-1.33360827480296e-05,0.00548717038591993,-2.82549225394126e-05,0.0748703192675467,0.000354382444913353,1.26260346238372,-8.65321488740208e-05,0.0559339699050872,-0.000136705905922944
894,0.000575302654756013,-1.26422435443597e-05,0.00549113925132799,-2.66209319550555e-05,0.0749621031561273,0.000353277345501105,1.26394702137568,-4.23649351318434e-05,0.0559726434460624,-0.000128479303588479
895,0.00057589045817701,-1.16741080226077e-05,0.00549764952628574,-2.29997876106071e-05,0.0750961417626125,0.000366311489077579,1.26517754010602,-5.86649558271673e-05,0.0560305552683917,-0.000120896669810832
896,0.000576752008494958,-1.26623479586032e-05,0.0055064985335934,-2.71390427923742e-05,0.0752393530490689,0.00034531975200072,1.26578034337424,-8.45353293048511e-05,0.0561208299569125,-0.000130250647682702
897,0.000577383150930903,-1.50639501959858e-05,0.00551380192003783,-3.52565330356299e-05,0.0754118066122904,0.00031584814587706,1.26672546676138,-0.000137425740340542,0.0561834985855886,-0.000152450627293365
898,0.000578061049842395,-1.64839721822122e-05,0.00552199254145073,-4.02321423941342e-05,0.0755382169429236,0.000296529192658294,1.26877062058532,-0.000135392752860201,0.0562461312045581,-0.000165421789762178
899,0.000578942149854139,-1.80965986397211e-05,0.00552891252375482,-4.36696939287835e-05,0.0756517727414859,0.000280739515638297,1.27091797825747,-9.06695315140831e-05,0.0563313827505867,-0.000180940502512538
900,0.000579790286507165,-1.869567654291e-05,0.00553588375259864,-4.52681725617566e-05,0.075725911774218,0.000273353135097098,1.27238220001419,-9.04156824078844e-05,0.0564205068350561,-0.000187429261489898
901,0.00058036091774291,-1.79973409849999e-05,0.00554178688445125,-4.27239458396155e-05,0.0758139038343881,0.000281033079032771,1.2715480623569,-6.15277932150444e-05,0.0564702019047028,-0.000180976540154524
902,0.000580926544893882,-1.71631806382254e-05,0.00554627289303017,-3.97402762989445e-05,0.0759067129821568,0.00028335692638128,1.271437540017,-0.000141141299658213,0.0565377509114151,-0.000173149890220472
903,0.000581571876141933,-1.73667282897908e-05,0.00555344575291939,-4.0489497892986e-05,0.075986886984131,0.000273314524438817,1.27232465181207,-0.000115502047467074,0.0566053758680784,-0.000174500491676917
904,0.000582115332905446,-1.69343157857526e-05,0.00555885002854263,-3.92422375047409e-05,0.0760631748764949,0.000268431705379907,1.2735519218029,-0.000133807155897058,0.0566595924068528,-0.000170473603731867
905,0.000582665886365072,-1.60779235017345e-05,0.00556569939730407,-3.57646265009694e-05,0.0761576871336281,0.000282248200740833,1.27482709418952,-0.000139106623012394,0.0567078978112588,-0.000162728481379731
906,0.000583275333002174,-1.45493404812118e-05,0.00556926319232677,-3.12013689106471e-05,0.0761991176766401,0.000293045096086845,1.27644477758515,-0.00017260318870916,0.0567737044437888,-0.000147992168899692
907,0.000583752056461292,-1.54589502507136e-05,0.00557214059998547,-3.40328729516685e-05,0.0762738554980923,0.000280641653572159,1.27829167606201,-0.00016796637952429,0.0568367899393679,-0.00015593067508505
908,0.000584368346397201,-1.57231365236132e-05,0.00557732534984985,-3.55428919092269e-05,0.0763064792734669,0.000267560184065658,1.27911772328437,-0.000157327861776881,0.0568973491128448,-0.000157596182800243
909,0.000585145607646602,-1.5369893385279e-05,0.00558378919179259,-3.44252666668969e-05,0.0763691105166256,0.000275214279542178,1.27964053254341,-0.000226847015699449,0.0569741214524431,-0.000154424588455648
910,0.000586017274391081,-1.55803038374614e-05,0.00558889234908187,-3.60359758514479e-05,0.0764223569734939,0.000269925366232115,1.28036336974557,-0.00023494774222615,0.0570686391913037,-0.000155307236124959
911,0.000586665483466409,-1.47195477738311e-05,0.00559516141602757,-3.28893747750774e-05,0.076470182613041,0.00028359157563255,1.28249410066333,-0.000200362198926248,0.0571266457958247,-0.000147100319160261
912,0.000587403984973631,-1.45100449091046e-05,0.00560352693796777,-3.23272703484063e-05,0.076574304819593,0.000282920925577857,1.28353918111188,-0.00015660801806391,0.0571970375424024,-0.000144490623436129
913,0.000588373864757765,-1.46667839002662e-05,0.00561353921571798,-3.37171032172814e-05,0.0766496743988607,0.000271820559764677,1.28397641381955,-0.000208598125918087,0.0572850180140899,-0.000144426078902142
914,0.000589031952012951,-1.56317106509866e-05,0.0056204074860666,-3.84585613121112e-05,0.0767366027899179,0.000247678680577231,1.28411751822698,-0.000219107194999225,0.0573406980113267,-0.000152422442740196
915,0.000589733448332538,-1.59800499180061e-05,0.00562652593151523,-4.1271736066611e-05,0.0768232270366785,0.000241698950946464,1.28560310373219,-0.000316156396625548,0.0574036606899958,-0.000153721336044103
916,0.000590592652163402,-1.59051429238341e-05,0.00563354551622156,-4.09344647966493e-05,0.0768957576249872,0.000254175756560601,1.28781113685542,-0.000341378505071743,0.0574909570602517,-0.000151019045134297
917,0.00059124061937016,-1.58412371587885e-05,0.00563966013504775,-4.01080694906564e-05,0.0769729982904408,0.000262607596285725,1.28922976100798,-0.000316764507885762,0.0575529248996934,-0.00015012950899948
918,0.000591829910972933,-1.6238382354943e-05,0.00564753637645123,-4.10127796917177e-05,0.0770206629103197,0.00026384740832856,1.2916186554519,-0.000293600723344988,0.0576018169253848,-0.000154494665117937
919,0.000592255391114834,-1.74029137335482e-05,0.00565227278163145,-4.42335977221239e-05,0.0770785200457228,0.000260847896657645,1.2932144116956,-0.000200146799707986,0.057640069429773,-0.000165457434024827
920,0.000592875117149554,-1.84568133511353e-05,0.00565950552631403,-4.98171359010985e-05,0.0771822391078214,0.000241298310587833,1.29474296297347,-0.000165367760513044,0.0577003542946109,-0.000172086896559062
921,0.000593920973072377,-1.88251857889873e-05,0.00567106236837953,-4.89230930887539e-05,0.0772690649400914,0.000258923763296434,1.29619504876264,-7.11215160137686e-05,0.0577910669059452,-0.000177858312341693
922,0.000594887637508013,-2.04938032917657e-05,0.00568164348279909,-5.33096419226199e-05,0.0773185029420329,0.000254961225224527,1.29783204843515,-8.46834958290591e-05,0.0578692639718293,-0.000195292300854379
923,0.000595868405066152,-2.05257640738185e-05,0.00568962554997523,-5.26776821864789e-05,0.0773446039545116,0.000250079888831451,1.29961567250285,-0.000127152615647049,0.0579616571784658,-0.000196639869807406
924,0.000596806688147198,-2.19963226231262e-05,0.00569795025956591,-5.60981134930111e-05,0.077398857093629,0.000244645817869458,1.3005772768258,-0.00012858164359832,0.0580458298768651,-0.000210329378288694
925,0.000597416772593594,-2.35920023275771e-05,0.00570586166943836,-5.97847163889692e-05,0.077450741640188,0.000237976131717352,1.30149989181633,-8.4603069443484e-05,0.0580985518257086,-0.000228069891972333
926,0.000597735268323435,-2.40001804665605e-05,0.00571159207347807,-6.1346199286242e-05,0.0774777793503013,0.000231921340306939,1.30328886512966,-6.05893063815206e-05,0.0581227565677762,-0.000231606647116359
927,0.000598349739169976,-2.51514479487642e-05,0.00571826036142559,-6.51736645073183e-05,0.0775646449364162,0.000197158744286819,1.30550484286193,-4.02066006878748e-05,0.0581759674065706,-0.000243525241995072
928,0.000598938018972492,-2.57875871508139e-05,0.00572338322706553,-6.67789858264933e-05,0.0776234784018351,0.000174876017570706,1.30789331529469,-7.73566463024468e-05,0.0582351502043185,-0.000251473816766946
929,0.000599772525263235,-2.58124335577541e-05,0.00572996253542019,-6.65464239573702e-05,0.0776937946529538,0.000175621824064911,1.30950617412222,2.20829465474138e-05,0.0583227981146039,-0.000253106003406732
930,0.000600365298596729,-2.67915339691112e-05,0.00573611888812553,-6.96192459228321e-05,0.0777214468790124,0.000158056809614008,1.31114206433221,0.000112718311388931,0.0583847546240404,-0.000264054695702122
931,0.00060085271613942,-2.69520517549992e-05,0.00574222238610415,-7.02719894670908e-05,0.0777502254768495,0.00015214959652247,1.31311496427724,0.000207868582782557,0.0584240790366275,-0.000265236559790937
932,0.000601420859776852,-2.66908920943898e-05,0.00574587879459685,-6.99080262857579e-05,0.0778068235729626,0.000154560345105095,1.3147546049129,0.000265157309675775,0.0584839699994093,-0.000261924825598958
933,0.000602065807997042,-2.54401384681017e-05,0.00575238356277864,-6.59489749512016e-05,0.0778622319979414,0.000161570354148663,1.31627385303233,0.000348095665610864,0.0585450155820368,-0.000249637698655848
934,0.000602982893396254,-2.5427402556314e-05,0.00575989044689665,-6.64023197685678e-05,0.0779098267075085,0.000155071160611365,1.31753276449309,0.000387004622863799,0.0586292532371724,-0.000248948771924485
935,0.000604036354945383,-2.54237093046308e-05,0.0057664198641572,-6.76713588843907e-05,0.0779662487374864,0.000159826728899282,1.31934245989327,0.000446989326504167,0.0587299695138752,-0.000248387260168583
936,0.000604731474614618,-2.61428309234997e-05,0.00577206895031006,-7.09218512526706e-05,0.0780331334708731,0.000150404347754259,1.32057090793299,0.000469943277437709,0.0588033472170794,-0.000254062485987973
937,0.00060523506810788,-2.49915046630683e-05,0.00577700394725184,-6.73709744439669e-05,0.0781032573757864,0.000166024456688672,1.32189050101731,0.000610311541463847,0.058846651959317,-0.000241941474580236
938,0.00060557008396103,-2.36446207718219e-05,0.00578049205278079,-6.16926306091765e-05,0.0781884979707507,0.000197592445216669,1.32332339881886,0.000736769869255776,0.0588817923576678,-0.000229536196118853
939,0.000605628168176025,-2.35034062144116e-05,0.00578214560739629,-6.17947852179647e-05,0.07829777005592,0.000206175689595179,1.32388846886709,0.000772383119657823,0.0589022435855342,-0.000227668360876142
940,0.000605852913694799,-2.23448109267441e-05,0.00578536310902136,-5.77998418437923e-05,0.0783916442528767,0.00022370757308973,1.32577736587113,0.000716204367872795,0.058927688505034,-0.000217392867022752
941,0.00060633508444314,-1.92185194028516e-05,0.00579118657969374,-4.89423931020418e-05,0.0784805676308658,0.000242174221342194,1.32730121264221,0.000742852465746956,0.0589705972337147,-0.000186133500666113
942,0.000606928587979888,-1.77427902152371e-05,0.00579751723345658,-4.5215124515842e-05,0.0785422900123757,0.000236785725237061,1.32829581011946,0.000694189131916207,0.0590149347370535,-0.000172018307644505
943,0.000607245999920339,-1.63243739414996e-05,0.00580119187381064,-4.04295843353348e-05,0.0785765850171605,0.000251676503642859,1.33024726629006,0.000660094202680175,0.0590491929535318,-0.000158224611695363
944,0.000607462122270877,-1.51639607569329e-05,0.00580508547539664,-3.58701183025822e-05,0.0786488853486487,0.000267492018762373,1.3314832504374,0.000633192152390523,0.0590728156723838,-0.000148144404159151
945,0.000607836787738161,-1.49741872173593e-05,0.00580990623156604,-3.53869858042716e-05,0.0786819912375784,0.000256424585958824,1.33306201727678,0.000599711452360461,0.0591090686981639,-0.000148259198918916
946,0.000608534994055531,-1.45630084078064e-05,0.0058167399528099,-3.46935477393551e-05,0.078735251635655,0.000240684974285575,1.33369867666352,0.000515904726031646,0.0591741978460379,-0.000145541388467128
947,0.000609199466800476,-1.30799579081713e-05,0.00582181821857489,-2.96334221746831e-05,0.0787741067378992,0.000255689782466765,1.33465914702426,0.00043050314546604,0.0592364381343859,-0.000131050813681504
948,0.000609785949349908,-1.17100972909945e-05,0.00582427640988222,-2.71523566548009e-05,0.0788122595027018,0.000259710172338539,1.33615281669688,0.000406432670468385,0.0592988813558466,-0.000114869629010104
949,0.000609806616672717,-1.1539485479222e-05,0.00582620645077184,-2.71980921658985e-05,0.0788505443607096,0.000254897135442317,1.33776191941749,0.000418928527015491,0.0593035542497692,-0.00011078602400251
950,0.000610444953655829,-1.02305851265688e-05,0.0058320028089412,-2.436888357428e-05,0.0789364140930133,0.000260402681112169,1.33868983384807,0.000421704546239633,0.0593580917428401,-9.6706757224225e-05
951,0.000611262720351624,-1.03873564897613e-05,0.00583606501882507,-2.59441597422959e-05,0.0790126557057367,0.000245990933716768,1.33998681952424,0.000379409519006967,0.0594556029864642,-9.63700357982655e-05
952,0.000612025029326992,-9.25841173549533e-06,0.00584401840911761,-2.05654208896549e-05,0.0791186438692596,0.000261983153426492,1.34162694627747,0.00034857001434667,0.0595210097495711,-8.88962914577057e-05
953,0.0006125912742331,-1.03779221722574e-05,0.00584993288042074,-2.42183783965306e-05,0.0792087129350995,0.000255857411328589,1.34304721606828,0.000296267874896815,0.0595764603752725,-9.96417949056464e-05
954,0.000612967381599951,-1.12164045676275e-05,0.00585553600892386,-2.68580071823519e-05,0.0792617150357638,0.000251708740709102,1.34294420596523,0.000193974839888623,0.0596032939475666,-0.000107909604607394
955,0.000613303026547022,-1.15734071787151e-05,0.00585898507676391,-2.79043522689826e-05,0.0793245969988543,0.000256152072631062,1.34447281881449,0.000185560528039728,0.059634397253513,-0.000111082254349822
956,0.000613809991319181,-1.2363447348293e-05,0.00586463124986272,-3.08464348897728e-05,0.0793882552118048,0.000249493985237393,1.34597481781768,0.000126084064070064,0.0596807024282247,-0.000117614734416026
957,0.000614193699629234,-1.28373872528122e-05,0.00586957962039808,-3.20255379935655e-05,0.0794695474510489,0.000254527004862727,1.34746827396578,6.63338899690242e-05,0.0597135846777991,-0.000122158625798076
958,0.000614963416541001,-1.11993804801349e-05,0.00587748108853113,-2.65855233111981e-05,0.079571906458152,0.000269569957553344,1.34920884337007,0.000124137326335856,0.0597870957590248,-0.000106040738713496
959,0.00061573167453349,-1.03185832481549e-05,0.00588349402659645,-2.57154654066235e-05,0.0796879074660916,0.000270106397292775,1.35053092676577,9.4176275376567e-05,0.0598665625434002,-9.58292708127992e-05
960,0.000616156720573708,-1.08977565236164e-05,0.00588796891456201,-2.69206154282467e-05,0.0798257055061815,0.000268537246872721,1.35343617706872,1.85335834268753e-06,0.0599124684691843,-0.000101318279452663
961,0.000617037556053341,-1.13171937605925e-05,0.00589510915537495,-2.68840197436918e-05,0.0798410215022454,0.000268517766701326,1.35454186340654,-6.86508025955222e-05,0.0600067572891599,-0.0001070035864856
962,0.000618063052336477,-8.99012039954394e-06,0.00590302184627565,-2.12577844504261e-05,0.0798890652685372,0.000280418211119544,1.35597211889466,-5.01479171004526e-05,0.0601111038014444,-8.24093251125537e-05
963,0.000619085495266061,-7.47912151959741e-06,0.00591220249668404,-1.56811634388931e-05,0.0800075076743304,0.000288449265060404,1.3580855193571,-7.03052108042803e-05,0.0602114121485458,-6.801674796439e-05
964,0.000619847682418288,-6.75838335905513e-06,0.00591937898968557,-1.39359643576352e-05,0.0801291776278131,0.000281370683981485,1.35945514592814,-0.000145909466472423,0.0602839687940029,-6.11019424836472e-05
965,0.000620521007596624,-8.00603734161013e-06,0.00592657897219521,-1.78536729590662e-05,0.0802428633067878,0.000270386570459789,1.36062629825934,-0.000182319546757055,0.0603433189828878,-7.28399750689452e-05
966,0.000621270250759977,-8.26634731116666e-06,0.00593673093686322,-1.82075194813887e-05,0.0803536357510585,0.000257678900020598,1.36197022309081,-0.000275160373765609,0.0604006674815861,-7.48690574258431e-05
967,0.000622269394604133,-8.88542567052145e-06,0.00594724748363292,-1.96727963532962e-05,0.0803981993837294,0.00025654308012456,1.36365230200065,-0.000299224853683858,0.060490382856931,-8.08934941069539e-05
968,0.000623357700319119,-9.08465480263176e-06,0.00595971070834448,-2.09750454290726e-05,0.0805398306681403,0.000273049924839397,1.36475947504863,-0.00026979617390432,0.0605838365256289,-8.17716997134814e-05
969,0.000624359268252517,-9.53500426444238e-06,0.00596800459887404,-2.32423195781521e-05,0.0806392207765516,0.000282042998427504,1.365192742557,-0.000212862865713413,0.0606843574577079,-8.44327689685315e-05
970,0.000624947680213558,-9.54674236074897e-06,0.00597320581972139,-2.39391556161501e-05,0.0807532343359538,0.000296841314558781,1.36682243126021,-0.000198271080711064,0.0607532377739702,-8.27289743647965e-05
971,0.000625581569321279,-9.83441859846396e-06,0.00598025338026578,-2.53253912370285e-05,0.080863149764733,0.000299376575875036,1.37008656269185,-0.000227437503396111,0.0608055300629374,-8.48182551488107e-05
972,0.000626041886569714,-9.40801550996663e-06,0.00598525368714418,-2.36432314089069e-05,0.0809672039138939,0.000295533388416922,1.37341706928809,-0.000273410350813551,0.0608552438201669,-8.25067702286949e-05
973,0.000626520471060863,-9.79344281847407e-06,0.00599039046751984,-2.38749614816142e-05,0.0811075153886026,0.000292507615123855,1.37646814655175,-0.000325148278128681,0.0609042282471755,-8.91080288074345e-05
974,0.000627172420683269,-1.18150476747682e-05,0.00599706975173467,-3.04077936925379e-05,0.0812174287026726,0.000275925621823728,1.3783533466943,-0.000383570881423782,0.0609624083706756,-0.000108776488638353
975,0.000627559782746688,-1.36382792462986e-05,0.00600195142309619,-3.64916288874637e-05,0.0813253945252684,0.000250775471887209,1.38027565289597,-0.000410878357928476,0.0609970627489799,-0.000127505969666176
976,0.000627899685943598,-1.47464990823749e-05,0.00600625474029136,-4.04209418515435e-05,0.0814058532276249,0.000247875428870341,1.382363793502,-0.000373192658653515,0.0610287598134486,-0.000137803231233166
977,0.000628494168073879,-1.54068561661387e-05,0.00601295754914441,-4.28525148287911e-05,0.0814801556660349,0.00023510255768542,1.38318644439119,-0.000377094460960066,0.0610915968648877,-0.000142888720973995
978,0.000628691684454801,-1.51884712814456e-05,0.006013005484887,-4.25847442417534e-05,0.0815978415577018,0.000246723878121568,1.38437293641397,-0.00038596311623197,0.0611360027905375,-0.0001388053813536
979,0.000629897130201674,-1.40820485131226e-05,0.0060221146113316,-3.94813013716423e-05,0.0817326661857393,0.000255445776038078,1.38559697369875,-0.000432753311212647,0.0612505474826092,-0.000128582278678042
980,0.000631238519621336,-1.43002847499485e-05,0.00603112299962244,-3.99728345251709e-05,0.0818293390176274,0.000253424956960303,1.38703305698247,-0.000502120968385332,0.0613925230524701,-0.000129231280685035
981,0.000632064141755563,-1.4454755357964e-05,0.00603975278369081,-4.05587065164735e-05,0.0819612723604461,0.000253777152202593,1.3878786682387,-0.000425433471174187,0.0614748693637631,-0.000128868138025828
982,0.000633029308953422,-1.47582280732355e-05,0.00604869025408026,-4.15533408119488e-05,0.0821628089677408,0.000253605995470059,1.38937998795674,-0.000345942274359392,0.0615714091184232,-0.000132056319723263
983,0.000633653952196529,-1.40070100026484e-05,0.00605407645613393,-3.89637252287549e-05,0.0822498697071078,0.000248392687215205,1.39119836123521,-0.000245850258093626,0.0616390983628964,-0.000125211503963043
984,0.000634243501460195,-1.29275319248997e-05,0.00605983774316566,-3.60699844147587e-05,0.0823054201145479,0.000250503405422185,1.39283692092198,-0.000262025655339123,0.0617058007621992,-0.000113788968172954
985,0.000635052073955087,-1.21398639033723e-05,0.00606877507852945,-3.47287392446383e-05,0.082331498746055,0.000250796879630582,1.39463147642601,-0.00028713639856797,0.0617836884789856,-0.000104571293344427
986,0.000635954269656375,-1.25996843150183e-05,0.00607733296394262,-3.54389236145509e-05,0.0823788821721484,0.000237542794357774,1.39559451335024,-0.00033318364368521,0.0618663261071775,-0.000108895854685721
987,0.000636637624477308,-1.29653566450893e-05,0.00608520177732399,-3.61205569772521e-05,0.0824360524344528,0.000231155075144589,1.39670388471996,-0.000426984602261617,0.0619228658222915,-0.000113275443400952
988,0.000637504610941171,-1.35400206477065e-05,0.00609402754809317,-3.62012305716605e-05,0.0825252100804792,0.000232150746624417,1.39789386770058,-0.000425581142808973,0.0619952172849465,-0.000120057878491639
989,0.000638097869029459,-1.17541703885646e-05,0.00610005823850949,-3.19993843329885e-05,0.0825625170007067,0.000223694444523856,1.39865461121466,-0.000486034065365326,0.0620524379673428,-0.000103413830108336
990,0.000638636413961086,-1.19805900057751e-05,0.00610566030931427,-3.32810887114722e-05,0.0826330150860605,0.00021685491719899,1.40004951634915,-0.000402235369133357,0.0620968027400036,-0.000105414455056048
991,0.00063952518133742,-1.16581356279302e-05,0.00611406668414356,-3.11443041139437e-05,0.082692313918688,0.00023744994434031,1.40167497875068,-0.00033051477418653,0.0621767107639604,-0.000103711121919045
992,0.000640168480491473,-1.15739986823452e-05,0.00612088848974904,-3.11094033326666e-05,0.0827478966669301,0.000256374756790129,1.40384008576551,-0.000346093880888021,0.0622326561416223,-0.000101669806129741
993,0.000640810130726203,-1.18449397961436e-05,0.00612652289239735,-3.14732968057805e-05,0.0828609634107038,0.000263400297084001,1.40577796592097,-0.000366557087420531,0.0622934144536784,-0.000105118128167114
994,0.000641295562589612,-1.21604943399017e-05,0.00613316571381807,-3.08772019450308e-05,0.0829395465704781,0.000267585656531523,1.40890744053554,-0.000327587458757707,0.0623345840118136,-0.000110809156343258
995,0.000641718314367533,-1.27553138457743e-05,0.00613692263248385,-3.20420924144004e-05,0.0829848750020699,0.000258907020490344,1.41166732975106,-0.000342311781189947,0.0623759891235997,-0.000117826886556809
996,0.000642114438973294,-1.26129779013519e-05,0.00614014696600608,-3.1093699921281e-05,0.0830197926702149,0.000260021191442613,1.41295961616445,-0.000270132556236976,0.062423020902064,-0.000117821482693724
997,0.000642381338812713,-1.29000255073973e-05,0.00614292558630748,-3.16688779233737e-05,0.083082629713539,0.000256252290842098,1.41325868104985,-0.000106997034424186,0.0624558221310717,-0.000121901052962363
998,0.000642564823620274,-1.27678294685986e-05,0.00614531617069387,-3.16128009556587e-05,0.0831651521088292,0.000258390013299919,1.41483508035597,-2.04471182545739e-05,0.0624739689302528,-0.000120509318182953
999,0.000642938855916628,-1.31705968675567e-05,0.00614817751719061,-3.35127456581886e-05,0.0832673820549569,0.00024356892448984,1.41753536811563,4.32448227412705e-05,0.062509762410766,-0.000124097438719185
1000,0.000643811468472722,-1.29626804128069e-05,0.0061562959230399,-3.34760407192072e-05,0.0833865622676882,0.000236132265463405,1.41902536223089,4.32037397207112e-05,0.0625869026498421,-0.000122620548151485
